Round,Date,Team 1,FT,HT,Team 2,∑FT,ET,P,Comments
Round 1 | Leg 1,(Wed) 13 Sep 1967 (W37),Glentoran › NIR (1),1-1,1-0,SL Benfica › POR (1),,,,
Round 1 | Leg 1,(Wed) 13 Sep 1967 (W37),Beşiktaş İstanbul JK › TUR (1),0-1,0-1,Rapid Wien › AUT (1),,,,
Round 1 | Leg 1,(Sun) 17 Sep 1967 (W37),Valur Reykjavik › ISL (1),1-1,1-1,Jeunesse Esch › LUX (1),,,,
Round 1 | Leg 2,(Tue) 19 Sep 1967 (W38),Rapid Wien › AUT (2),3-0,2-0,Beşiktaş İstanbul JK › TUR (2),4-0 (agg.),,,
Round 1 | Leg 1,(Wed) 20 Sep 1967 (W38),Basel › SUI (1),1-2,1-0,Hvidovre IF › DEN (1),,,,
Round 1 | Leg 1,(Wed) 20 Sep 1967 (W38),AFC Ajax › NED (1),1-1,1-1,Real Madrid CF › ESP (1),,,,
Round 1 | Leg 1,(Wed) 20 Sep 1967 (W38),AS Saint-Etienne › FRA (1),2-0,1-0,Kuopion PS › FIN (1),,,,
Round 1 | Leg 1,(Wed) 20 Sep 1967 (W38),Skeid Oslo › NOR (1),0-1,0-1,AC Sparta Praha › CZE (1),,,,
Round 1 | Leg 1,(Wed) 20 Sep 1967 (W38),Olympiacos › GRE (1),0-0,0-0,Juventus › ITA (1),,,,
Round 1 | Leg 1,(Wed) 20 Sep 1967 (W38),Celtic FC › SCO (1),1-2,0-2,Dinamo Kiev › UKR (1),,,,
Round 1 | Leg 1,(Wed) 20 Sep 1967 (W38),Gornik Zabrze › POL (1),3-0,1-0,Djurgardens IF › SWE (1),,,,
Round 1 | Leg 1,(Wed) 20 Sep 1967 (W38),FC Karl-Marx-Stadt › GER (1),1-3,1-3,RSC Anderlecht › BEL (1),,,,
Round 1 | Leg 1,(Wed) 20 Sep 1967 (W38),Omonia Nicosia › CYP (1),2-2,2-0,FK Sarajevo › BIH (1),,,,
Round 1 | Leg 1,(Wed) 20 Sep 1967 (W38),Manchester United FC › ENG (1),4-0,2-0,Hibernians › MLT (1),,,,
Round 1 | Leg 1,(Wed) 20 Sep 1967 (W38),Dundalk › IRL (1),0-1,0-0,Budapesti Vasas › HUN (1),,,,
Round 1 | Leg 2,(Wed) 27 Sep 1967 (W39),Hibernians › MLT (2),0-0,0-0,Manchester United FC › ENG (2),0-4 (agg.),,,
Round 1 | Leg 1,(Wed) 27 Sep 1967 (W39),Trakia Plovdiv › BUL (1),2-0,0-0,Rapid Bucuresti › ROU (1),,,,
Round 1 | Leg 2,(Sun) 1 Oct 1967 (W39),Jeunesse Esch › LUX (2),3-3,0-2,Valur Reykjavik › ISL (2),4-4 (agg.),,,away goals
Round 1 | Leg 2,(Wed) 4 Oct 1967 (W40),SL Benfica › POR (2),0-0,0-0,Glentoran › NIR (2),1-1 (agg.),,,away goals
Round 1 | Leg 2,(Wed) 4 Oct 1967 (W40),AC Sparta Praha › CZE (2),1-1,0-1,Skeid Oslo › NOR (2),2-1 (agg.),,,
Round 1 | Leg 2,(Wed) 4 Oct 1967 (W40),Real Madrid CF › ESP (2),1-1 (*),0-0,AFC Ajax › NED (2),2-2 (agg.),2-1 (a.e.t.),,
Round 1 | Leg 2,(Wed) 4 Oct 1967 (W40),Kuopion PS › FIN (2),0-3,0-1,AS Saint-Etienne › FRA (2),0-5 (agg.),,,
Round 1 | Leg 2,(Wed) 4 Oct 1967 (W40),Budapesti Vasas › HUN (2),8-1,4-1,Dundalk › IRL (2),9-1 (agg.),,,
Round 1 | Leg 2,(Wed) 4 Oct 1967 (W40),Dinamo Kiev › UKR (2),1-1,0-0,Celtic FC › SCO (2),3-2 (agg.),,,
Round 1 | Leg 2,(Wed) 4 Oct 1967 (W40),Djurgardens IF › SWE (2),0-1,0-1,Gornik Zabrze › POL (2),0-4 (agg.),,,
Round 1 | Leg 2,(Wed) 4 Oct 1967 (W40),Juventus › ITA (2),2-0,1-0,Olympiacos › GRE (2),2-0 (agg.),,,
Round 1 | Leg 2,(Wed) 4 Oct 1967 (W40),FK Sarajevo › BIH (2),3-1,1-0,Omonia Nicosia › CYP (2),5-3 (agg.),,,
Round 1 | Leg 2,(Wed) 11 Oct 1967 (W41),Rapid Bucuresti › ROU (2),2-0 (*),1-0,Trakia Plovdiv › BUL (2),2-2 (agg.),3-0 (a.e.t.),,
Round 1 | Leg 2,(Wed) 18 Oct 1967 (W42),Hvidovre IF › DEN (2),3-3,2-1,Basel › SUI (2),5-4 (agg.),,,
Round 1 | Leg 2,(Wed) 18 Oct 1967 (W42),RSC Anderlecht › BEL (2),2-1,2-1,FC Karl-Marx-Stadt › GER (2),5-2 (agg.),,,
Round of 16 | Leg 1,(Wed) 15 Nov 1967 (W46),Hvidovre IF › DEN (3),2-2,1-1,Real Madrid CF › ESP (3),,,,
Round of 16 | Leg 1,(Wed) 15 Nov 1967 (W46),Rapid Wien › AUT (3),1-0,0-0,Eintracht Braunschweig › GER (1),,,,
Round of 16 | Leg 1,(Wed) 15 Nov 1967 (W46),FK Sarajevo › BIH (3),0-0,0-0,Manchester United FC › ENG (3),,,,
Round of 16 | Leg 1,(Wed) 15 Nov 1967 (W46),Budapesti Vasas › HUN (3),6-0,4-0,Valur Reykjavik › ISL (3),,,,
Round of 16 | Leg 1,(Thu) 16 Nov 1967 (W46),SL Benfica › POR (3),2-0,1-0,AS Saint-Etienne › FRA (3),,,,
Round of 16 | Leg 2,(Fri) 17 Nov 1967 (W46),Valur Reykjavik › ISL (4),1-5,0-3,Budapesti Vasas › HUN (4),1-11 (agg.),,,
Round of 16 | Leg 1,(Fri) 17 Nov 1967 (W46),Dinamo Kiev › UKR (3),1-2,1-1,Gornik Zabrze › POL (3),,,,
Round of 16 | Leg 2,(Wed) 29 Nov 1967 (W48),Gornik Zabrze › POL (4),1-1,1-1,Dinamo Kiev › UKR (4),3-2 (agg.),,,
Round of 16 | Leg 1,(Wed) 29 Nov 1967 (W48),AC Sparta Praha › CZE (3),3-2,2-1,RSC Anderlecht › BEL (3),,,,
Round of 16 | Leg 2,(Wed) 29 Nov 1967 (W48),Eintracht Braunschweig › GER (2),2-0,2-0,Rapid Wien › AUT (4),2-1 (agg.),,,
Round of 16 | Leg 2,(Wed) 29 Nov 1967 (W48),Manchester United FC › ENG (4),2-1,1-0,FK Sarajevo › BIH (4),2-1 (agg.),,,
Round of 16 | Leg 1,(Wed) 29 Nov 1967 (W48),Juventus › ITA (3),1-0,0-0,Rapid Bucuresti › ROU (3),,,,
Round of 16 | Leg 2,(Wed) 29 Nov 1967 (W48),Real Madrid CF › ESP (4),4-1,3-1,Hvidovre IF › DEN (4),6-3 (agg.),,,
Round of 16 | Leg 2,(Thu) 30 Nov 1967 (W48),AS Saint-Etienne › FRA (4),1-0,1-0,SL Benfica › POR (4),1-2 (agg.),,,
Round of 16 | Leg 2,(Wed) 6 Dec 1967 (W49),RSC Anderlecht › BEL (4),3-3,0-1,AC Sparta Praha › CZE (4),5-6 (agg.),,,
Round of 16 | Leg 2,(Wed) 13 Dec 1967 (W50),Rapid Bucuresti › ROU (4),0-0,0-0,Juventus › ITA (4),0-1 (agg.),,,
Quarterfinals | Leg 1,(Wed) 31 Jan 1968 (W5),Eintracht Braunschweig › GER (3),3-2,3-1,Juventus › ITA (5),,,,
Quarterfinals | Leg 1,(Wed) 28 Feb 1968 (W9),Manchester United FC › ENG (5),2-0,0-0,Gornik Zabrze › POL (5),,,,
Quarterfinals | Leg 2,(Wed) 28 Feb 1968 (W9),Juventus › ITA (6),1-0,0-0,Eintracht Braunschweig › GER (4),3-3 (agg.),,,
Quarterfinals | Leg 1,(Wed) 6 Mar 1968 (W10),Real Madrid CF › ESP (5),3-0,0-0,AC Sparta Praha › CZE (5),,,,
Quarterfinals | Leg 1,(Wed) 6 Mar 1968 (W10),Budapesti Vasas › HUN (5),0-0,0-0,SL Benfica › POR (5),,,,
Quarterfinals | Leg 2,(Wed) 13 Mar 1968 (W11),Gornik Zabrze › POL (6),1-0,0-0,Manchester United FC › ENG (6),1-2 (agg.),,,
Quarterfinals | Leg 2,(Thu) 14 Mar 1968 (W11),SL Benfica › POR (6),3-0,0-0,Budapesti Vasas › HUN (6),3-0 (agg.),,,
Quarterfinals | Replay,(Wed) 20 Mar 1968 (W12),Juventus › ITA (7),1-0,0-0,Eintracht Braunschweig › GER (5),,,,
Quarterfinals | Leg 2,(Wed) 20 Mar 1968 (W12),AC Sparta Praha › CZE (6),2-1,2-0,Real Madrid CF › ESP (6),2-4 (agg.),,,
Semifinals | Leg 1,(Wed) 24 Apr 1968 (W17),Manchester United FC › ENG (7),1-0,1-0,Real Madrid CF › ESP (7),,,,
Semifinals | Leg 1,(Thu) 9 May 1968 (W19),SL Benfica › POR (7),2-0,0-0,Juventus › ITA (8),,,,
Semifinals | Leg 2,(Wed) 15 May 1968 (W20),Real Madrid CF › ESP (8),3-3,3-1,Manchester United FC › ENG (8),3-4 (agg.),,,
Semifinals | Leg 2,(Wed) 15 May 1968 (W20),Juventus › ITA (9),0-1,0-0,SL Benfica › POR (8),0-3 (agg.),,,
Final,(Wed) 29 May 1968 (W22),Manchester United FC › ENG (9),1-1 (*),0-0,SL Benfica › POR (9),,4-1 (a.e.t.),,
