Round,Date,Team 1,FT,HT,Team 2,∑FT,ET,P,Comments
Round 1 | Leg 1,(Wed) 16 Sep 1987 (W37),Aarhus GF › DEN (1),4-1,4-0,Jeunesse Esch › LUX (1),,,,
Round 1 | Leg 1,(Wed) 16 Sep 1987 (W37),Fram Reykjavik › ISL (1),0-2,0-0,AC Sparta Praha › CZE (1),,,,
Round 1 | Leg 1,(Wed) 16 Sep 1987 (W37),Bayern München › GER (1),4-0,2-0,CSKA Sofia › BUL (1),,,,
Round 1 | Leg 1,(Wed) 16 Sep 1987 (W37),Girondins Bordeaux › FRA (1),2-0,0-0,BFC Dynamo › GER (1),,,,
Round 1 | Leg 1,(Wed) 16 Sep 1987 (W37),Dinamo Kiev › UKR (1),1-0,0-0,Rangers FC › SCO (1),,,,
Round 1 | Leg 1,(Wed) 16 Sep 1987 (W37),Neuchatel Xamax FC › SUI (1),5-0,3-0,FC Kuusysi › FIN (1),,,,
Round 1 | Leg 1,(Wed) 16 Sep 1987 (W37),FC Porto › POR (1),3-0,1-0,Vardar Skopje › MKD (1),,,,
Round 1 | Leg 1,(Wed) 16 Sep 1987 (W37),PSV Eindhoven › NED (1),3-0,0-0,Galatasaray İstanbul AŞ › TUR (1),,,,
Round 1 | Leg 1,(Wed) 16 Sep 1987 (W37),Olympiacos › GRE (1),1-1,1-1,Gornik Zabrze › POL (1),,,,
Round 1 | Leg 1,(Wed) 16 Sep 1987 (W37),Rapid Wien › AUT (1),6-0,3-0,Hamrun Spartans › MLT (1),,,,
Round 1 | Leg 1,(Wed) 16 Sep 1987 (W37),Lillestrom › NOR (1),1-1,1-0,Linfield › NIR (1),,,,
Round 1 | Leg 1,(Wed) 16 Sep 1987 (W37),Malmo FF › SWE (1),0-1,0-1,RSC Anderlecht › BEL (1),,,,
Round 1 | Leg 1,(Wed) 16 Sep 1987 (W37),Steaua Bucuresti › ROU (1),4-0,2-0,MTK › HUN (1),,,,
Round 1 | Leg 1,(Wed) 16 Sep 1987 (W37),Shamrock Rovers › IRL (1),0-1,0-1,Omonia Nicosia › CYP (1),,,,
Round 1 | Leg 1,(Wed) 16 Sep 1987 (W37),Real Madrid CF › ESP (1),2-0,1-0,SSC Napoli › ITA (1),,,,
Round 1 | Leg 1,(Wed) 16 Sep 1987 (W37),SL Benfica › POR (1),4-0,1-0,FK Partizani Tirana › ALB (1),,,,
Round 1 | Leg 2,(Wed) 30 Sep 1987 (W39),Jeunesse Esch › LUX (2),1-0,0-0,Aarhus GF › DEN (2),2-4 (agg.),,,
Round 1 | Leg 2,(Wed) 30 Sep 1987 (W39),AC Sparta Praha › CZE (2),8-0,3-0,Fram Reykjavik › ISL (2),10-0 (agg.),,,
Round 1 | Leg 2,(Wed) 30 Sep 1987 (W39),CSKA Sofia › BUL (2),0-1,0-0,Bayern München › GER (2),0-5 (agg.),,,
Round 1 | Leg 2,(Wed) 30 Sep 1987 (W39),BFC Dynamo › GER (2),0-2,0-0,Girondins Bordeaux › FRA (2),0-4 (agg.),,,
Round 1 | Leg 2,(Wed) 30 Sep 1987 (W39),Rangers FC › SCO (2),2-0,1-0,Dinamo Kiev › UKR (2),2-1 (agg.),,,
Round 1 | Leg 2,(Wed) 30 Sep 1987 (W39),FC Kuusysi › FIN (2),2-1,2-1,Neuchatel Xamax FC › SUI (2),2-6 (agg.),,,
Round 1 | Leg 2,(Wed) 30 Sep 1987 (W39),Vardar Skopje › MKD (2),0-3,0-1,FC Porto › POR (2),0-6 (agg.),,,
Round 1 | Leg 2,(Wed) 30 Sep 1987 (W39),Galatasaray İstanbul AŞ › TUR (2),2-0,2-0,PSV Eindhoven › NED (2),2-3 (agg.),,,
Round 1 | Leg 2,(Wed) 30 Sep 1987 (W39),Gornik Zabrze › POL (2),2-1,2-0,Olympiacos › GRE (2),3-2 (agg.),,,
Round 1 | Leg 2,(Wed) 30 Sep 1987 (W39),Hamrun Spartans › MLT (2),0-1,0-0,Rapid Wien › AUT (2),0-7 (agg.),,,
Round 1 | Leg 2,(Wed) 30 Sep 1987 (W39),Linfield › NIR (2),2-4,1-2,Lillestrom › NOR (2),3-5 (agg.),,,
Round 1 | Leg 2,(Wed) 30 Sep 1987 (W39),RSC Anderlecht › BEL (2),1-1,1-0,Malmo FF › SWE (2),2-1 (agg.),,,
Round 1 | Leg 2,(Wed) 30 Sep 1987 (W39),MTK › HUN (2),2-0,2-0,Steaua Bucuresti › ROU (2),2-4 (agg.),,,
Round 1 | Leg 2,(Wed) 30 Sep 1987 (W39),Omonia Nicosia › CYP (2),0-0,0-0,Shamrock Rovers › IRL (2),1-0 (agg.),,,
Round 1 | Leg 2,(Wed) 30 Sep 1987 (W39),FK Partizani Tirana › ALB (2),0-3,0-0,SL Benfica › POR (2),0-7 (agg.),,,
Round 1 | Leg 2,(Wed) 30 Sep 1987 (W39),SSC Napoli › ITA (2),1-1,1-1,Real Madrid CF › ESP (2),1-3 (agg.),,,
Round of 16 | Leg 1,(Wed) 21 Oct 1987 (W42),Aarhus GF › DEN (3),0-0,0-0,SL Benfica › POR (3),,,,
Round of 16 | Leg 1,(Wed) 21 Oct 1987 (W42),AC Sparta Praha › CZE (3),1-2,1-1,RSC Anderlecht › BEL (3),,,,
Round of 16 | Leg 1,(Wed) 21 Oct 1987 (W42),Neuchatel Xamax FC › SUI (3),2-1,1-0,Bayern München › GER (3),,,,
Round of 16 | Leg 1,(Wed) 21 Oct 1987 (W42),Real Madrid CF › ESP (3),2-1,0-1,FC Porto › POR (3),,,,
Round of 16 | Leg 1,(Wed) 21 Oct 1987 (W42),Lillestrom › NOR (3),0-0,0-0,Girondins Bordeaux › FRA (3),,,,
Round of 16 | Leg 1,(Wed) 21 Oct 1987 (W42),Rangers FC › SCO (3),3-1,3-0,Gornik Zabrze › POL (3),,,,
Round of 16 | Leg 1,(Wed) 21 Oct 1987 (W42),Steaua Bucuresti › ROU (3),3-1,2-1,Omonia Nicosia › CYP (3),,,,
Round of 16 | Leg 1,(Wed) 21 Oct 1987 (W42),Rapid Wien › AUT (3),1-2,0-1,PSV Eindhoven › NED (3),,,,
Round of 16 | Leg 2,(Wed) 4 Nov 1987 (W44),SL Benfica › POR (4),1-0,1-0,Aarhus GF › DEN (4),1-0 (agg.),,,
Round of 16 | Leg 2,(Wed) 4 Nov 1987 (W44),RSC Anderlecht › BEL (4),1-0,1-0,AC Sparta Praha › CZE (4),3-1 (agg.),,,
Round of 16 | Leg 2,(Wed) 4 Nov 1987 (W44),Bayern München › GER (4),2-0,0-0,Neuchatel Xamax FC › SUI (4),3-2 (agg.),,,
Round of 16 | Leg 2,(Wed) 4 Nov 1987 (W44),FC Porto › POR (4),1-2,1-0,Real Madrid CF › ESP (4),2-4 (agg.),,,
Round of 16 | Leg 2,(Wed) 4 Nov 1987 (W44),Girondins Bordeaux › FRA (4),1-0,1-0,Lillestrom › NOR (4),1-0 (agg.),,,
Round of 16 | Leg 2,(Wed) 4 Nov 1987 (W44),Gornik Zabrze › POL (4),1-1,0-1,Rangers FC › SCO (4),2-4 (agg.),,,
Round of 16 | Leg 2,(Wed) 4 Nov 1987 (W44),PSV Eindhoven › NED (4),2-0,1-0,Rapid Wien › AUT (4),4-1 (agg.),,,
Round of 16 | Leg 2,(Wed) 4 Nov 1987 (W44),Omonia Nicosia › CYP (4),0-2,0-2,Steaua Bucuresti › ROU (4),1-5 (agg.),,,
Quarterfinals | Leg 1,(Wed) 2 Mar 1988 (W9),Girondins Bordeaux › FRA (5),1-1,1-1,PSV Eindhoven › NED (5),,,,
Quarterfinals | Leg 1,(Wed) 2 Mar 1988 (W9),Bayern München › GER (5),3-2,2-0,Real Madrid CF › ESP (5),,,,
Quarterfinals | Leg 1,(Wed) 2 Mar 1988 (W9),Steaua Bucuresti › ROU (5),2-0,1-0,Rangers FC › SCO (5),,,,
Quarterfinals | Leg 1,(Wed) 2 Mar 1988 (W9),SL Benfica › POR (5),2-0,2-0,RSC Anderlecht › BEL (5),,,,
Quarterfinals | Leg 2,(Wed) 16 Mar 1988 (W11),PSV Eindhoven › NED (6),0-0,0-0,Girondins Bordeaux › FRA (6),1-1 (agg.),,,away goals
Quarterfinals | Leg 2,(Wed) 16 Mar 1988 (W11),Real Madrid CF › ESP (6),2-0,2-0,Bayern München › GER (6),4-3 (agg.),,,
Quarterfinals | Leg 2,(Wed) 16 Mar 1988 (W11),RSC Anderlecht › BEL (6),1-0,0-0,SL Benfica › POR (6),1-2 (agg.),,,
Quarterfinals | Leg 2,(Wed) 16 Mar 1988 (W11),Rangers FC › SCO (6),2-1,2-1,Steaua Bucuresti › ROU (6),2-3 (agg.),,,
Semifinals | Leg 1,(Wed) 6 Apr 1988 (W14),Real Madrid CF › ESP (7),1-1,1-1,PSV Eindhoven › NED (7),,,,
Semifinals | Leg 1,(Wed) 6 Apr 1988 (W14),Steaua Bucuresti › ROU (7),0-0,0-0,SL Benfica › POR (7),,,,
Semifinals | Leg 2,(Wed) 20 Apr 1988 (W16),SL Benfica › POR (8),2-0,2-0,Steaua Bucuresti › ROU (8),2-0 (agg.),,,
Semifinals | Leg 2,(Wed) 20 Apr 1988 (W16),PSV Eindhoven › NED (8),0-0,0-0,Real Madrid CF › ESP (8),1-1 (agg.),,,away goals
Final,(Wed) 25 May 1988 (W21),PSV Eindhoven › NED (9),0-0 (*),0-0,SL Benfica › POR (9),,0-0 (a.e.t.),6-5 (pen.),
