Stage,Round,Group,Date,Team 1,FT,HT,Team 2,∑FT,ET,P,Comments
Qualifying,Qual. Round 1 | Leg 1,,(Wed) 11 Jul 2001 (W28),Sloga Jugomagnat Skopje › MKD (1),0-0,0-0,FBK Kaunas › LTU (1),1-1 (agg.),,,
Qualifying,Qual. Round 1 | Leg 1,,(Wed) 11 Jul 2001 (W28),KR Reykjavik › ISL (1),2-1,0-0,FK Vllaznia › ALB (1),2-2 (agg.),,,
Qualifying,Qual. Round 1 | Leg 1,,(Wed) 11 Jul 2001 (W28),Araks Ararat › ARM (1),0-1,0-0,Sheriff Tiraspol › MDA (1),0-3 (agg.),,,
Qualifying,Qual. Round 1 | Leg 1,,(Wed) 11 Jul 2001 (W28),Barry Town › WAL (1),2-0,0-0,Shamkir › AZE (1),3-0 (agg.),,,
Qualifying,Qual. Round 1 | Leg 1,,(Wed) 11 Jul 2001 (W28),Bohemians › IRL (1),3-0,0-0,Levadia › EST (1),3-0 (agg.),,,
Qualifying,Qual. Round 1 | Leg 1,,(Wed) 11 Jul 2001 (W28),F91 Dudelange › LUX (1),1-6,0-0,Skonto › LVA (1),2-6 (agg.),,,
Qualifying,Qual. Round 1 | Leg 1,,(Wed) 11 Jul 2001 (W28),Valletta › MLT (1),0-0,0-0,Haka Valkeakoski › FIN (1),0-5 (agg.),,,
Qualifying,Qual. Round 1 | Leg 1,,(Wed) 11 Jul 2001 (W28),Levski Sofia › BUL (1),4-0,0-0,Zeljeznicar Sarajevo › BIH (1),4-0 (agg.),,,
Qualifying,Qual. Round 1 | Leg 1,,(Wed) 11 Jul 2001 (W28),Linfield › NIR (1),0-0,0-0,Torpedo Kutaisi › GEO (1),0-1 (agg.),,,
Qualifying,Qual. Round 1 | Leg 1,,(Wed) 11 Jul 2001 (W28),Vagur › FRO (1),0-0,0-0,PFC Slavia Sofia › BUL (1),0-5 (agg.),,,
Qualifying,Qual. Round 1 | Leg 2,,(Wed) 18 Jul 2001 (W29),FBK Kaunas › LTU (2),1-1,0-0,Sloga Jugomagnat Skopje › MKD (2),1-1 (agg.),,,away goals
Qualifying,Qual. Round 1 | Leg 2,,(Wed) 18 Jul 2001 (W29),FK Vllaznia › ALB (2),1-0,0-0,KR Reykjavik › ISL (2),2-2 (agg.),,,away goals
Qualifying,Qual. Round 1 | Leg 2,,(Wed) 18 Jul 2001 (W29),Sheriff Tiraspol › MDA (2),2-0,0-0,Araks Ararat › ARM (2),3-0 (agg.),,,
Qualifying,Qual. Round 1 | Leg 2,,(Wed) 18 Jul 2001 (W29),Shamkir › AZE (2),0-1,0-0,Barry Town › WAL (2),0-3 (agg.),,,
Qualifying,Qual. Round 1 | Leg 2,,(Wed) 18 Jul 2001 (W29),Levadia › EST (2),0-0,0-0,Bohemians › IRL (2),0-3 (agg.),,,
Qualifying,Qual. Round 1 | Leg 2,,(Wed) 18 Jul 2001 (W29),Skonto › LVA (2),0-1,0-0,F91 Dudelange › LUX (2),6-2 (agg.),,,
Qualifying,Qual. Round 1 | Leg 2,,(Wed) 18 Jul 2001 (W29),PFC Slavia Sofia › BUL (2),5-0,0-0,Vagur › FRO (2),5-0 (agg.),,,
Qualifying,Qual. Round 1 | Leg 2,,(Wed) 18 Jul 2001 (W29),Zeljeznicar Sarajevo › BIH (2),0-0,0-0,Levski Sofia › BUL (2),0-4 (agg.),,,
Qualifying,Qual. Round 1 | Leg 2,,(Wed) 18 Jul 2001 (W29),Torpedo Kutaisi › GEO (2),1-0,0-0,Linfield › NIR (2),1-0 (agg.),,,
Qualifying,Qual. Round 1 | Leg 2,,(Wed) 18 Jul 2001 (W29),Haka Valkeakoski › FIN (2),5-0,0-0,Valletta › MLT (2),5-0 (agg.),,,
Qualifying,Qual. Round 2 | Leg 1,,(Wed) 25 Jul 2001 (W30),Ferencvaros › HUN (1),0-0,0-0,Hajduk Split › CRO (1),0-0 (agg.),,,
Qualifying,Qual. Round 2 | Leg 1,,(Wed) 25 Jul 2001 (W30),Levski Sofia › BUL (3),0-0,0-0,Brann › NOR (1),1-1 (agg.),,,
Qualifying,Qual. Round 2 | Leg 1,,(Wed) 25 Jul 2001 (W30),FC Porto › POR (1),8-0,0-0,Barry Town › WAL (3),9-3 (agg.),,,
Qualifying,Qual. Round 2 | Leg 1,,(Wed) 25 Jul 2001 (W30),Bohemians › IRL (3),1-2,0-0,Halmstads BK › SWE (1),1-4 (agg.),,,
Qualifying,Qual. Round 2 | Leg 1,,(Wed) 25 Jul 2001 (W30),Omonia Nicosia › CYP (1),1-1,0-0,Crvena Zvezda › SRB (1),2-3 (agg.),,,
Qualifying,Qual. Round 2 | Leg 1,,(Wed) 25 Jul 2001 (W30),PFC Slavia Sofia › BUL (3),0-1,0-0,FK Inter Bratislava › SVK (1),0-2 (agg.),,,
Qualifying,Qual. Round 2 | Leg 1,,(Wed) 25 Jul 2001 (W30),Galatasaray İstanbul AŞ › TUR (1),2-0,0-0,FK Vllaznia › ALB (3),6-1 (agg.),,,
Qualifying,Qual. Round 2 | Leg 1,,(Wed) 25 Jul 2001 (W30),Haka Valkeakoski › FIN (3),0-1,0-0,Maccabi Haifa › ISR (1),3-1 (agg.),,,
Qualifying,Qual. Round 2 | Leg 1,,(Wed) 25 Jul 2001 (W30),Torpedo Kutaisi › GEO (3),1-1,0-0,Kobenhavn › DEN (1),2-4 (agg.),,,
Qualifying,Qual. Round 2 | Leg 1,,(Wed) 25 Jul 2001 (W30),Shakhtar Donetsk › UKR (1),3-0,0-0,Lugano › SUI (1),4-2 (agg.),,,
Qualifying,Qual. Round 2 | Leg 1,,(Wed) 25 Jul 2001 (W30),NK Maribor › SVN (1),0-3,0-0,Rangers FC › SCO (1),1-6 (agg.),,,
Qualifying,Qual. Round 2 | Leg 1,,(Wed) 25 Jul 2001 (W30),Steaua Bucuresti › ROU (1),3-0,0-0,Sloga Jugomagnat Skopje › MKD (3),5-1 (agg.),,,
Qualifying,Qual. Round 2 | Leg 1,,(Wed) 25 Jul 2001 (W30),Skonto › LVA (3),1-2,0-0,Wisla Krakow › POL (1),1-3 (agg.),,,
Qualifying,Qual. Round 2 | Leg 1,,(Wed) 25 Jul 2001 (W30),RSC Anderlecht › BEL (1),4-0,0-0,Sheriff Tiraspol › MDA (3),6-1 (agg.),,,
Qualifying,Qual. Round 2 | Leg 2,,(Wed) 1 Aug 2001 (W31),Hajduk Split › CRO (2),0-0 (*),0-0,Ferencvaros › HUN (2),0-0 (agg.),0-0 (a.e.t.),5-4 (pen.),
Qualifying,Qual. Round 2 | Leg 2,,(Wed) 1 Aug 2001 (W31),Brann › NOR (2),1-1,0-0,Levski Sofia › BUL (4),1-1 (agg.),,,away goals
Qualifying,Qual. Round 2 | Leg 2,,(Wed) 1 Aug 2001 (W31),Barry Town › WAL (4),3-1,0-0,FC Porto › POR (2),3-9 (agg.),,,
Qualifying,Qual. Round 2 | Leg 2,,(Wed) 1 Aug 2001 (W31),Halmstads BK › SWE (2),2-0,0-0,Bohemians › IRL (4),4-1 (agg.),,,
Qualifying,Qual. Round 2 | Leg 2,,(Wed) 1 Aug 2001 (W31),Crvena Zvezda › SRB (2),2-1,0-0,Omonia Nicosia › CYP (2),3-2 (agg.),,,
Qualifying,Qual. Round 2 | Leg 2,,(Wed) 1 Aug 2001 (W31),FK Inter Bratislava › SVK (2),1-0,0-0,PFC Slavia Sofia › BUL (4),2-0 (agg.),,,
Qualifying,Qual. Round 2 | Leg 2,,(Wed) 1 Aug 2001 (W31),FK Vllaznia › ALB (4),1-4,0-0,Galatasaray İstanbul AŞ › TUR (2),1-6 (agg.),,,
Qualifying,Qual. Round 2 | Leg 2,,(Wed) 1 Aug 2001 (W31),Maccabi Haifa › ISR (2),0-3,0-0,Haka Valkeakoski › FIN (4),1-3 (agg.),,,
Qualifying,Qual. Round 2 | Leg 2,,(Wed) 1 Aug 2001 (W31),Sloga Jugomagnat Skopje › MKD (4),1-2,0-0,Steaua Bucuresti › ROU (2),1-5 (agg.),,,
Qualifying,Qual. Round 2 | Leg 2,,(Wed) 1 Aug 2001 (W31),Lugano › SUI (2),2-1,0-0,Shakhtar Donetsk › UKR (2),2-4 (agg.),,,
Qualifying,Qual. Round 2 | Leg 2,,(Wed) 1 Aug 2001 (W31),Rangers FC › SCO (2),3-1,0-0,NK Maribor › SVN (2),6-1 (agg.),,,
Qualifying,Qual. Round 2 | Leg 2,,(Wed) 1 Aug 2001 (W31),Sheriff Tiraspol › MDA (4),1-2,0-0,RSC Anderlecht › BEL (2),1-6 (agg.),,,
Qualifying,Qual. Round 2 | Leg 2,,(Wed) 1 Aug 2001 (W31),Wisla Krakow › POL (2),1-0,0-0,Skonto › LVA (4),3-1 (agg.),,,
Qualifying,Qual. Round 2 | Leg 2,,(Wed) 1 Aug 2001 (W31),Kobenhavn › DEN (2),3-1,0-0,Torpedo Kutaisi › GEO (4),4-2 (agg.),,,
Qualifying,Qual. Round 3 | Leg 1,,(Tue) 7 Aug 2001 (W32),Lokomotiv Moskva › RUS (1),3-1,0-0,SSW Innsbruck › AUT (1),3-2 (agg.),,,
Qualifying,Qual. Round 3 | Leg 1,,(Tue) 7 Aug 2001 (W32),Shakhtar Donetsk › UKR (3),0-2,0-0,Borussia Dortmund › GER (1),1-5 (agg.),,,
Qualifying,Qual. Round 3 | Leg 1,,(Tue) 7 Aug 2001 (W32),Kobenhavn › DEN (3),2-1,0-0,SS Lazio › ITA (1),3-5 (agg.),,,
Qualifying,Qual. Round 3 | Leg 1,,(Tue) 7 Aug 2001 (W32),Wisla Krakow › POL (3),3-4,0-0,FC Barcelona › ESP (1),3-5 (agg.),,,
Qualifying,Qual. Round 3 | Leg 1,,(Wed) 8 Aug 2001 (W32),AFC Ajax › NED (1),1-3,0-0,Celtic FC › SCO (1),2-3 (agg.),,,
Qualifying,Qual. Round 3 | Leg 1,,(Wed) 8 Aug 2001 (W32),Crvena Zvezda › SRB (3),0-0,0-0,Bayer 04 Leverkusen › GER (1),0-3 (agg.),,,
Qualifying,Qual. Round 3 | Leg 1,,(Wed) 8 Aug 2001 (W32),Steaua Bucuresti › ROU (3),2-4,0-0,Dinamo Kiev › UKR (1),3-5 (agg.),,,
Qualifying,Qual. Round 3 | Leg 1,,(Wed) 8 Aug 2001 (W32),FC Porto › POR (3),2-2,0-0,Grasshoppers Zurich › SUI (1),5-4 (agg.),,,
Qualifying,Qual. Round 3 | Leg 1,,(Wed) 8 Aug 2001 (W32),Rangers FC › SCO (3),0-0,0-0,Fenerbahçe İstanbul SK › TUR (1),1-2 (agg.),,,
Qualifying,Qual. Round 3 | Leg 1,,(Wed) 8 Aug 2001 (W32),FK Inter Bratislava › SVK (3),3-3,0-0,Rosenborg BK › NOR (1),3-7 (agg.),,,
Qualifying,Qual. Round 3 | Leg 1,,(Wed) 8 Aug 2001 (W32),Slavia Praha › CZE (1),1-2,0-0,Panathinaikos FC › GRE (1),1-3 (agg.),,,
Qualifying,Qual. Round 3 | Leg 1,,(Wed) 8 Aug 2001 (W32),Hajduk Split › CRO (3),1-0,0-0,RCD Mallorca › ESP (1),1-1 (agg.),,,
Qualifying,Qual. Round 3 | Leg 1,,(Wed) 8 Aug 2001 (W32),Haka Valkeakoski › FIN (5),0-5,0-0,Liverpool FC › ENG (1),1-9 (agg.),,,
Qualifying,Qual. Round 3 | Leg 1,,(Wed) 8 Aug 2001 (W32),Halmstads BK › SWE (3),2-3,0-0,RSC Anderlecht › BEL (3),3-4 (agg.),,,
Qualifying,Qual. Round 3 | Leg 1,,(Wed) 8 Aug 2001 (W32),Parma › ITA (1),0-2,0-0,Lille OSC › FRA (1),1-2 (agg.),,,
Qualifying,Qual. Round 3 | Leg 1,,(Wed) 8 Aug 2001 (W32),Galatasaray İstanbul AŞ › TUR (3),2-1,0-0,Levski Sofia › BUL (5),3-2 (agg.),,,
Qualifying,Qual. Round 3 | Leg 2,,(Tue) 21 Aug 2001 (W34),FC Barcelona › ESP (2),1-0,0-0,Wisla Krakow › POL (4),5-3 (agg.),,,
Qualifying,Qual. Round 3 | Leg 2,,(Tue) 21 Aug 2001 (W34),Borussia Dortmund › GER (2),3-1,0-0,Shakhtar Donetsk › UKR (4),5-1 (agg.),,,
Qualifying,Qual. Round 3 | Leg 2,,(Tue) 21 Aug 2001 (W34),SS Lazio › ITA (2),4-1,0-0,Kobenhavn › DEN (4),5-3 (agg.),,,
Qualifying,Qual. Round 3 | Leg 2,,(Tue) 21 Aug 2001 (W34),SSW Innsbruck › AUT (2),1-0,0-0,Lokomotiv Moskva › RUS (2),2-3 (agg.),,,
Qualifying,Qual. Round 3 | Leg 2,,(Wed) 22 Aug 2001 (W34),Grasshoppers Zurich › SUI (2),2-3,0-0,FC Porto › POR (4),4-5 (agg.),,,
Qualifying,Qual. Round 3 | Leg 2,,(Wed) 22 Aug 2001 (W34),Bayer 04 Leverkusen › GER (2),3-0,0-0,Crvena Zvezda › SRB (4),3-0 (agg.),,,
Qualifying,Qual. Round 3 | Leg 2,,(Wed) 22 Aug 2001 (W34),Dinamo Kiev › UKR (2),1-1,0-0,Steaua Bucuresti › ROU (4),5-3 (agg.),,,
Qualifying,Qual. Round 3 | Leg 2,,(Wed) 22 Aug 2001 (W34),Celtic FC › SCO (2),0-1,0-0,AFC Ajax › NED (2),3-2 (agg.),,,
Qualifying,Qual. Round 3 | Leg 2,,(Wed) 22 Aug 2001 (W34),Fenerbahçe İstanbul SK › TUR (2),2-1,0-0,Rangers FC › SCO (4),2-1 (agg.),,,
Qualifying,Qual. Round 3 | Leg 2,,(Wed) 22 Aug 2001 (W34),Rosenborg BK › NOR (2),4-0,0-0,FK Inter Bratislava › SVK (4),7-3 (agg.),,,
Qualifying,Qual. Round 3 | Leg 2,,(Wed) 22 Aug 2001 (W34),Levski Sofia › BUL (6),1-1,0-0,Galatasaray İstanbul AŞ › TUR (4),2-3 (agg.),,,
Qualifying,Qual. Round 3 | Leg 2,,(Wed) 22 Aug 2001 (W34),RCD Mallorca › ESP (2),1-0 (*),0-0,Hajduk Split › CRO (4),1-1 (agg.),2-0 (a.e.t.),,
Qualifying,Qual. Round 3 | Leg 2,,(Wed) 22 Aug 2001 (W34),Liverpool FC › ENG (2),4-1,0-0,Haka Valkeakoski › FIN (6),9-1 (agg.),,,
Qualifying,Qual. Round 3 | Leg 2,,(Wed) 22 Aug 2001 (W34),RSC Anderlecht › BEL (4),1-1,0-0,Halmstads BK › SWE (4),4-3 (agg.),,,
Qualifying,Qual. Round 3 | Leg 2,,(Wed) 22 Aug 2001 (W34),Lille OSC › FRA (2),0-1,0-0,Parma › ITA (2),2-1 (agg.),,,
Qualifying,Qual. Round 3 | Leg 2,,(Wed) 22 Aug 2001 (W34),Panathinaikos FC › GRE (2),1-0,0-0,Slavia Praha › CZE (2),3-1 (agg.),,,
Group 1st,Matchday ?,1|A,(Tue) 11 Sep 2001 (W37),Lokomotiv Moskva › RUS (3),1-1,1-1,RSC Anderlecht › BEL (5),,,,
Group 1st,Matchday ?,1|A,(Tue) 11 Sep 2001 (W37),AS Roma › ITA (1),1-2,0-0,Real Madrid CF › ESP (1),,,,
Group 1st,Matchday ?,1|B,(Tue) 11 Sep 2001 (W37),Dinamo Kiev › UKR (3),2-2,2-0,Borussia Dortmund › GER (3),,,,
Group 1st,Matchday ?,1|B,(Tue) 11 Sep 2001 (W37),Liverpool FC › ENG (3),1-1,1-1,Boavista FC › POR (1),,,,
Group 1st,Matchday ?,1|C,(Tue) 11 Sep 2001 (W37),RCD Mallorca › ESP (3),1-0,1-0,Arsenal FC › ENG (1),,,,
Group 1st,Matchday ?,1|C,(Tue) 11 Sep 2001 (W37),FC Schalke 04 › GER (1),0-2,0-0,Panathinaikos FC › GRE (3),,,,
Group 1st,Matchday ?,1|D,(Tue) 11 Sep 2001 (W37),FC Nantes › FRA (1),4-1,3-0,PSV Eindhoven › NED (1),,,,
Group 1st,Matchday ?,1|D,(Tue) 11 Sep 2001 (W37),Galatasaray İstanbul AŞ › TUR (5),1-0,0-0,SS Lazio › ITA (3),,,,
Group 1st,Matchday ?,1|E,(Tue) 18 Sep 2001 (W38),Juventus › ITA (1),3-2,1-0,Celtic FC › SCO (3),,,,
Group 1st,Matchday ?,1|E,(Tue) 18 Sep 2001 (W38),Rosenborg BK › NOR (3),1-2,0-1,FC Porto › POR (5),,,,
Group 1st,Matchday ?,1|F,(Tue) 18 Sep 2001 (W38),Fenerbahçe İstanbul SK › TUR (3),0-3,0-2,FC Barcelona › ESP (3),,,,
Group 1st,Matchday ?,1|F,(Tue) 18 Sep 2001 (W38),Olympique Lyon › FRA (1),0-1,0-0,Bayer 04 Leverkusen › GER (3),,,,
Group 1st,Matchday ?,1|G,(Tue) 18 Sep 2001 (W38),Deportivo La Coruna › ESP (1),2-2,1-0,Olympiacos › GRE (1),,,,
Group 1st,Matchday ?,1|G,(Tue) 18 Sep 2001 (W38),Manchester United FC › ENG (1),1-0,0-0,Lille OSC › FRA (3),,,,
Group 1st,Matchday ?,1|H,(Tue) 18 Sep 2001 (W38),Spartak Moskva › RUS (1),2-2,0-1,Feyenoord Rotterdam › NED (1),,,,
Group 1st,Matchday ?,1|H,(Tue) 18 Sep 2001 (W38),Bayern München › GER (1),0-0,0-0,Sparta Praha › CZE (1),,,,
Group 1st,Matchday ?,1|A,(Wed) 19 Sep 2001 (W38),Real Madrid CF › ESP (2),4-0,1-0,Lokomotiv Moskva › RUS (4),,,,
Group 1st,Matchday ?,1|A,(Wed) 19 Sep 2001 (W38),RSC Anderlecht › BEL (6),0-0,0-0,AS Roma › ITA (2),,,,
Group 1st,Matchday ?,1|B,(Wed) 19 Sep 2001 (W38),Borussia Dortmund › GER (4),0-0,0-0,Liverpool FC › ENG (4),,,,
Group 1st,Matchday ?,1|B,(Wed) 19 Sep 2001 (W38),Boavista FC › POR (2),3-1,3-1,Dinamo Kiev › UKR (4),,,,
Group 1st,Matchday ?,1|C,(Wed) 19 Sep 2001 (W38),Arsenal FC › ENG (2),3-2,2-1,FC Schalke 04 › GER (2),,,,
Group 1st,Matchday ?,1|C,(Wed) 19 Sep 2001 (W38),Panathinaikos FC › GRE (4),2-0,2-0,RCD Mallorca › ESP (4),,,,
Group 1st,Matchday ?,1|D,(Wed) 19 Sep 2001 (W38),SS Lazio › ITA (4),1-3,1-1,FC Nantes › FRA (2),,,,
Group 1st,Matchday ?,1|D,(Wed) 19 Sep 2001 (W38),PSV Eindhoven › NED (2),3-1,1-0,Galatasaray İstanbul AŞ › TUR (6),,,,
Group 1st,Matchday ?,1|E,(Tue) 25 Sep 2001 (W39),Celtic FC › SCO (4),1-0,1-0,FC Porto › POR (6),,,,
Group 1st,Matchday ?,1|E,(Tue) 25 Sep 2001 (W39),Rosenborg BK › NOR (4),1-1,0-0,Juventus › ITA (2),,,,
Group 1st,Matchday ?,1|F,(Tue) 25 Sep 2001 (W39),Bayer 04 Leverkusen › GER (4),2-1,0-1,FC Barcelona › ESP (4),,,,
Group 1st,Matchday ?,1|F,(Tue) 25 Sep 2001 (W39),Fenerbahçe İstanbul SK › TUR (4),0-1,0-0,Olympique Lyon › FRA (2),,,,
Group 1st,Matchday ?,1|G,(Tue) 25 Sep 2001 (W39),Deportivo La Coruna › ESP (2),2-1,0-1,Manchester United FC › ENG (2),,,,
Group 1st,Matchday ?,1|G,(Tue) 25 Sep 2001 (W39),Lille OSC › FRA (4),3-1,2-0,Olympiacos › GRE (2),,,,
Group 1st,Matchday ?,1|H,(Tue) 25 Sep 2001 (W39),Sparta Praha › CZE (2),4-0,2-0,Feyenoord Rotterdam › NED (2),,,,
Group 1st,Matchday ?,1|H,(Tue) 25 Sep 2001 (W39),Spartak Moskva › RUS (2),1-3,0-2,Bayern München › GER (2),,,,
Group 1st,Matchday ?,1|A,(Wed) 26 Sep 2001 (W39),Real Madrid CF › ESP (3),4-1,0-1,RSC Anderlecht › BEL (7),,,,
Group 1st,Matchday ?,1|A,(Wed) 26 Sep 2001 (W39),AS Roma › ITA (3),2-1,0-0,Lokomotiv Moskva › RUS (5),,,,
Group 1st,Matchday ?,1|B,(Wed) 26 Sep 2001 (W39),Liverpool FC › ENG (5),1-0,1-0,Dinamo Kiev › UKR (5),,,,
Group 1st,Matchday ?,1|B,(Wed) 26 Sep 2001 (W39),Boavista FC › POR (3),2-1,2-0,Borussia Dortmund › GER (5),,,,
Group 1st,Matchday ?,1|C,(Wed) 26 Sep 2001 (W39),Panathinaikos FC › GRE (5),1-0,1-0,Arsenal FC › ENG (3),,,,
Group 1st,Matchday ?,1|C,(Wed) 26 Sep 2001 (W39),FC Schalke 04 › GER (3),0-1,0-0,RCD Mallorca › ESP (5),,,,
Group 1st,Matchday ?,1|D,(Wed) 26 Sep 2001 (W39),PSV Eindhoven › NED (3),1-0,1-0,SS Lazio › ITA (5),,,,
Group 1st,Matchday ?,1|D,(Wed) 26 Sep 2001 (W39),FC Nantes › FRA (3),0-1,0-0,Galatasaray İstanbul AŞ › TUR (7),,,,
Group 1st,Matchday ?,1|E,(Wed) 10 Oct 2001 (W41),Celtic FC › SCO (5),1-0,1-0,Rosenborg BK › NOR (5),,,,
Group 1st,Matchday ?,1|E,(Wed) 10 Oct 2001 (W41),FC Porto › POR (7),0-0,0-0,Juventus › ITA (3),,,,
Group 1st,Matchday ?,1|F,(Wed) 10 Oct 2001 (W41),FC Barcelona › ESP (5),2-0,0-0,Olympique Lyon › FRA (3),,,,
Group 1st,Matchday ?,1|F,(Wed) 10 Oct 2001 (W41),Bayer 04 Leverkusen › GER (5),2-1,1-1,Fenerbahçe İstanbul SK › TUR (5),,,,
Group 1st,Matchday ?,1|G,(Wed) 10 Oct 2001 (W41),Lille OSC › FRA (5),1-1,0-0,Deportivo La Coruna › ESP (3),,,,
Group 1st,Matchday ?,1|G,(Wed) 10 Oct 2001 (W41),Olympiacos › GRE (3),0-2,0-0,Manchester United FC › ENG (3),,,,
Group 1st,Matchday ?,1|H,(Wed) 10 Oct 2001 (W41),Feyenoord Rotterdam › NED (3),2-2,2-1,Bayern München › GER (3),,,,
Group 1st,Matchday ?,1|H,(Wed) 10 Oct 2001 (W41),Sparta Praha › CZE (3),2-0,0-0,Spartak Moskva › RUS (3),,,,
Group 1st,Matchday ?,1|A,(Tue) 16 Oct 2001 (W42),Lokomotiv Moskva › RUS (6),0-1,0-0,AS Roma › ITA (4),,,,
Group 1st,Matchday ?,1|A,(Tue) 16 Oct 2001 (W42),RSC Anderlecht › BEL (8),0-2,0-2,Real Madrid CF › ESP (4),,,,
Group 1st,Matchday ?,1|B,(Tue) 16 Oct 2001 (W42),Dinamo Kiev › UKR (6),1-2,0-1,Liverpool FC › ENG (6),,,,
Group 1st,Matchday ?,1|B,(Tue) 16 Oct 2001 (W42),Borussia Dortmund › GER (6),2-1,0-1,Boavista FC › POR (4),,,,
Group 1st,Matchday ?,1|C,(Tue) 16 Oct 2001 (W42),RCD Mallorca › ESP (6),0-4,0-2,FC Schalke 04 › GER (4),,,,
Group 1st,Matchday ?,1|C,(Tue) 16 Oct 2001 (W42),Arsenal FC › ENG (4),2-1,1-0,Panathinaikos FC › GRE (6),,,,
Group 1st,Matchday ?,1|D,(Tue) 16 Oct 2001 (W42),Galatasaray İstanbul AŞ › TUR (8),0-0,0-0,FC Nantes › FRA (4),,,,
Group 1st,Matchday ?,1|D,(Tue) 16 Oct 2001 (W42),SS Lazio › ITA (6),2-1,1-0,PSV Eindhoven › NED (4),,,,
Group 1st,Matchday ?,1|E,(Wed) 17 Oct 2001 (W42),Juventus › ITA (4),1-0,1-0,Rosenborg BK › NOR (6),,,,
Group 1st,Matchday ?,1|E,(Wed) 17 Oct 2001 (W42),FC Porto › POR (8),3-0,2-0,Celtic FC › SCO (6),,,,
Group 1st,Matchday ?,1|F,(Wed) 17 Oct 2001 (W42),FC Barcelona › ESP (6),2-1,2-1,Bayer 04 Leverkusen › GER (6),,,,
Group 1st,Matchday ?,1|F,(Wed) 17 Oct 2001 (W42),Olympique Lyon › FRA (4),3-1,1-1,Fenerbahçe İstanbul SK › TUR (6),,,,
Group 1st,Matchday ?,1|G,(Wed) 17 Oct 2001 (W42),Manchester United FC › ENG (4),2-3,2-2,Deportivo La Coruna › ESP (4),,,,
Group 1st,Matchday ?,1|G,(Wed) 17 Oct 2001 (W42),Olympiacos › GRE (4),2-1,0-1,Lille OSC › FRA (6),,,,
Group 1st,Matchday ?,1|H,(Wed) 17 Oct 2001 (W42),Feyenoord Rotterdam › NED (4),0-2,0-1,Sparta Praha › CZE (4),,,,
Group 1st,Matchday ?,1|H,(Wed) 17 Oct 2001 (W42),Bayern München › GER (4),5-1,3-0,Spartak Moskva › RUS (4),,,,
Group 1st,Matchday ?,1|E,(Tue) 23 Oct 2001 (W43),Rosenborg BK › NOR (7),2-0,2-0,Celtic FC › SCO (7),,,,
Group 1st,Matchday ?,1|E,(Tue) 23 Oct 2001 (W43),Juventus › ITA (5),3-1,1-1,FC Porto › POR (9),,,,
Group 1st,Matchday ?,1|F,(Tue) 23 Oct 2001 (W43),Fenerbahçe İstanbul SK › TUR (7),1-2,1-2,Bayer 04 Leverkusen › GER (7),,,,
Group 1st,Matchday ?,1|F,(Tue) 23 Oct 2001 (W43),Olympique Lyon › FRA (5),2-3,0-2,FC Barcelona › ESP (7),,,,
Group 1st,Matchday ?,1|G,(Tue) 23 Oct 2001 (W43),Manchester United FC › ENG (5),3-0,0-0,Olympiacos › GRE (5),,,,
Group 1st,Matchday ?,1|G,(Tue) 23 Oct 2001 (W43),Deportivo La Coruna › ESP (5),1-1,1-1,Lille OSC › FRA (7),,,,
Group 1st,Matchday ?,1|H,(Tue) 23 Oct 2001 (W43),Bayern München › GER (5),3-1,2-1,Feyenoord Rotterdam › NED (5),,,,
Group 1st,Matchday ?,1|H,(Tue) 23 Oct 2001 (W43),Spartak Moskva › RUS (5),2-2,2-1,Sparta Praha › CZE (5),,,,
Group 1st,Matchday ?,1|A,(Wed) 24 Oct 2001 (W43),Real Madrid CF › ESP (5),1-1,0-1,AS Roma › ITA (5),,,,
Group 1st,Matchday ?,1|A,(Wed) 24 Oct 2001 (W43),RSC Anderlecht › BEL (9),1-5,1-2,Lokomotiv Moskva › RUS (7),,,,
Group 1st,Matchday ?,1|B,(Wed) 24 Oct 2001 (W43),Borussia Dortmund › GER (7),1-0,1-0,Dinamo Kiev › UKR (7),,,,
Group 1st,Matchday ?,1|B,(Wed) 24 Oct 2001 (W43),Boavista FC › POR (5),1-1,0-1,Liverpool FC › ENG (7),,,,
Group 1st,Matchday ?,1|C,(Wed) 24 Oct 2001 (W43),Panathinaikos FC › GRE (7),2-0,1-0,FC Schalke 04 › GER (5),,,,
Group 1st,Matchday ?,1|C,(Wed) 24 Oct 2001 (W43),Arsenal FC › ENG (5),3-1,0-0,RCD Mallorca › ESP (7),,,,
Group 1st,Matchday ?,1|D,(Wed) 24 Oct 2001 (W43),SS Lazio › ITA (7),1-0,0-0,Galatasaray İstanbul AŞ › TUR (9),,,,
Group 1st,Matchday ?,1|D,(Wed) 24 Oct 2001 (W43),PSV Eindhoven › NED (5),0-0,0-0,FC Nantes › FRA (5),,,,
Group 1st,Matchday ?,1|A,(Tue) 30 Oct 2001 (W44),Lokomotiv Moskva › RUS (8),2-0,1-0,Real Madrid CF › ESP (6),,,,
Group 1st,Matchday ?,1|A,(Tue) 30 Oct 2001 (W44),AS Roma › ITA (6),1-1,0-1,RSC Anderlecht › BEL (10),,,,
Group 1st,Matchday ?,1|B,(Tue) 30 Oct 2001 (W44),Dinamo Kiev › UKR (8),1-0,0-0,Boavista FC › POR (6),,,,
Group 1st,Matchday ?,1|B,(Tue) 30 Oct 2001 (W44),Liverpool FC › ENG (8),2-0,1-0,Borussia Dortmund › GER (8),,,,
Group 1st,Matchday ?,1|C,(Tue) 30 Oct 2001 (W44),RCD Mallorca › ESP (8),1-0,0-0,Panathinaikos FC › GRE (8),,,,
Group 1st,Matchday ?,1|C,(Tue) 30 Oct 2001 (W44),FC Schalke 04 › GER (6),3-1,1-0,Arsenal FC › ENG (6),,,,
Group 1st,Matchday ?,1|D,(Tue) 30 Oct 2001 (W44),FC Nantes › FRA (6),1-0,0-0,SS Lazio › ITA (8),,,,
Group 1st,Matchday ?,1|D,(Tue) 30 Oct 2001 (W44),Galatasaray İstanbul AŞ › TUR (10),2-0,1-0,PSV Eindhoven › NED (6),,,,
Group 1st,Matchday ?,1|E,(Wed) 31 Oct 2001 (W44),FC Porto › POR (10),1-0,1-0,Rosenborg BK › NOR (8),,,,
Group 1st,Matchday ?,1|E,(Wed) 31 Oct 2001 (W44),Celtic FC › SCO (8),4-3,2-1,Juventus › ITA (6),,,,
Group 1st,Matchday ?,1|F,(Wed) 31 Oct 2001 (W44),FC Barcelona › ESP (8),1-0,0-0,Fenerbahçe İstanbul SK › TUR (8),,,,
Group 1st,Matchday ?,1|F,(Wed) 31 Oct 2001 (W44),Bayer 04 Leverkusen › GER (8),2-4,1-2,Olympique Lyon › FRA (6),,,,
Group 1st,Matchday ?,1|G,(Wed) 31 Oct 2001 (W44),Olympiacos › GRE (6),1-1,0-0,Deportivo La Coruna › ESP (6),,,,
Group 1st,Matchday ?,1|G,(Wed) 31 Oct 2001 (W44),Lille OSC › FRA (8),1-1,0-1,Manchester United FC › ENG (6),,,,
Group 1st,Matchday ?,1|H,(Wed) 31 Oct 2001 (W44),Feyenoord Rotterdam › NED (6),2-1,2-1,Spartak Moskva › RUS (6),,,,
Group 1st,Matchday ?,1|H,(Wed) 31 Oct 2001 (W44),Sparta Praha › CZE (6),0-1,0-1,Bayern München › GER (6),,,,
Group 2nd,Matchday ?,2|A,(Tue) 20 Nov 2001 (W47),Boavista FC › POR (7),1-0,1-0,FC Nantes › FRA (7),,,,
Group 2nd,Matchday ?,2|A,(Tue) 20 Nov 2001 (W47),Bayern München › GER (7),1-1,0-0,Manchester United FC › ENG (7),,,,
Group 2nd,Matchday ?,2|B,(Tue) 20 Nov 2001 (W47),Galatasaray İstanbul AŞ › TUR (11),1-1,1-0,AS Roma › ITA (7),,,,
Group 2nd,Matchday ?,2|B,(Tue) 20 Nov 2001 (W47),Liverpool FC › ENG (9),1-3,1-1,FC Barcelona › ESP (9),,,,
Group 2nd,Matchday ?,2|C,(Wed) 21 Nov 2001 (W47),Sparta Praha › CZE (7),2-3,1-2,Real Madrid CF › ESP (7),,,,
Group 2nd,Matchday ?,2|C,(Wed) 21 Nov 2001 (W47),Panathinaikos FC › GRE (9),0-0,0-0,FC Porto › POR (11),,,,
Group 2nd,Matchday ?,2|D,(Wed) 21 Nov 2001 (W47),Deportivo La Coruna › ESP (7),2-0,2-0,Arsenal FC › ENG (7),,,,
Group 2nd,Matchday ?,2|D,(Thu) 29 Nov 2001 (W48),Juventus › ITA (7),4-0,3-0,Bayer 04 Leverkusen › GER (9),,,,
Group 2nd,Matchday ?,2|C,(Tue) 4 Dec 2001 (W49),Real Madrid CF › ESP (8),3-0,1-0,Panathinaikos FC › GRE (10),,,,
Group 2nd,Matchday ?,2|C,(Tue) 4 Dec 2001 (W49),FC Porto › POR (12),0-1,0-0,Sparta Praha › CZE (8),,,,
Group 2nd,Matchday ?,2|D,(Tue) 4 Dec 2001 (W49),Bayer 04 Leverkusen › GER (10),3-0,0-0,Deportivo La Coruna › ESP (8),,,,
Group 2nd,Matchday ?,2|D,(Tue) 4 Dec 2001 (W49),Arsenal FC › ENG (8),3-1,2-0,Juventus › ITA (8),,,,
Group 2nd,Matchday ?,2|A,(Wed) 5 Dec 2001 (W49),Manchester United FC › ENG (8),3-0,1-0,Boavista FC › POR (8),,,,
Group 2nd,Matchday ?,2|A,(Wed) 5 Dec 2001 (W49),FC Nantes › FRA (8),0-1,0-0,Bayern München › GER (8),,,,
Group 2nd,Matchday ?,2|B,(Wed) 5 Dec 2001 (W49),AS Roma › ITA (8),0-0,0-0,Liverpool FC › ENG (10),,,,
Group 2nd,Matchday ?,2|B,(Wed) 5 Dec 2001 (W49),FC Barcelona › ESP (10),2-2,0-2,Galatasaray İstanbul AŞ › TUR (12),,,,
Group 2nd,Matchday ?,2|C,(Tue) 19 Feb 2002 (W7),Real Madrid CF › ESP (9),1-0,0-0,FC Porto › POR (13),,,,
Group 2nd,Matchday ?,2|C,(Tue) 19 Feb 2002 (W7),Sparta Praha › CZE (9),0-2,0-1,Panathinaikos FC › GRE (11),,,,
Group 2nd,Matchday ?,2|D,(Tue) 19 Feb 2002 (W7),Juventus › ITA (9),0-0,0-0,Deportivo La Coruna › ESP (9),,,,
Group 2nd,Matchday ?,2|D,(Tue) 19 Feb 2002 (W7),Bayer 04 Leverkusen › GER (11),1-1,0-0,Arsenal FC › ENG (9),,,,
Group 2nd,Matchday ?,2|A,(Wed) 20 Feb 2002 (W7),Boavista FC › POR (9),0-0,0-0,Bayern München › GER (9),,,,
Group 2nd,Matchday ?,2|A,(Wed) 20 Feb 2002 (W7),FC Nantes › FRA (9),1-1,1-0,Manchester United FC › ENG (9),,,,
Group 2nd,Matchday ?,2|B,(Wed) 20 Feb 2002 (W7),FC Barcelona › ESP (11),1-1,0-0,AS Roma › ITA (9),,,,
Group 2nd,Matchday ?,2|B,(Wed) 20 Feb 2002 (W7),Liverpool FC › ENG (11),0-0,0-0,Galatasaray İstanbul AŞ › TUR (13),,,,
Group 2nd,Matchday ?,2|A,(Tue) 26 Feb 2002 (W8),Manchester United FC › ENG (10),5-1,3-1,FC Nantes › FRA (10),,,,
Group 2nd,Matchday ?,2|A,(Tue) 26 Feb 2002 (W8),Bayern München › GER (10),1-0,0-0,Boavista FC › POR (10),,,,
Group 2nd,Matchday ?,2|B,(Tue) 26 Feb 2002 (W8),AS Roma › ITA (10),3-0,0-0,FC Barcelona › ESP (12),,,,
Group 2nd,Matchday ?,2|B,(Tue) 26 Feb 2002 (W8),Galatasaray İstanbul AŞ › TUR (14),1-1,0-0,Liverpool FC › ENG (12),,,,
Group 2nd,Matchday ?,2|C,(Wed) 27 Feb 2002 (W8),Panathinaikos FC › GRE (12),2-1,1-0,Sparta Praha › CZE (10),,,,
Group 2nd,Matchday ?,2|C,(Wed) 27 Feb 2002 (W8),FC Porto › POR (14),1-2,1-2,Real Madrid CF › ESP (10),,,,
Group 2nd,Matchday ?,2|D,(Wed) 27 Feb 2002 (W8),Arsenal FC › ENG (10),4-1,2-0,Bayer 04 Leverkusen › GER (12),,,,
Group 2nd,Matchday ?,2|D,(Wed) 27 Feb 2002 (W8),Deportivo La Coruna › ESP (10),2-0,1-0,Juventus › ITA (10),,,,
Group 2nd,Matchday ?,2|C,(Tue) 12 Mar 2002 (W10),Real Madrid CF › ESP (11),3-0,0-0,Sparta Praha › CZE (11),,,,
Group 2nd,Matchday ?,2|C,(Tue) 12 Mar 2002 (W10),FC Porto › POR (15),2-1,1-0,Panathinaikos FC › GRE (13),,,,
Group 2nd,Matchday ?,2|D,(Tue) 12 Mar 2002 (W10),Bayer 04 Leverkusen › GER (13),3-1,1-0,Juventus › ITA (11),,,,
Group 2nd,Matchday ?,2|D,(Tue) 12 Mar 2002 (W10),Arsenal FC › ENG (11),0-2,0-2,Deportivo La Coruna › ESP (11),,,,
Group 2nd,Matchday ?,2|A,(Wed) 13 Mar 2002 (W10),Manchester United FC › ENG (11),0-0,0-0,Bayern München › GER (11),,,,
Group 2nd,Matchday ?,2|A,(Wed) 13 Mar 2002 (W10),FC Nantes › FRA (11),1-1,1-0,Boavista FC › POR (11),,,,
Group 2nd,Matchday ?,2|B,(Wed) 13 Mar 2002 (W10),AS Roma › ITA (11),1-1,0-1,Galatasaray İstanbul AŞ › TUR (15),,,,
Group 2nd,Matchday ?,2|B,(Wed) 13 Mar 2002 (W10),FC Barcelona › ESP (13),0-0,0-0,Liverpool FC › ENG (13),,,,
Group 2nd,Matchday ?,2|A,(Tue) 19 Mar 2002 (W11),Boavista FC › POR (12),0-3,0-2,Manchester United FC › ENG (12),,,,
Group 2nd,Matchday ?,2|A,(Tue) 19 Mar 2002 (W11),Bayern München › GER (12),2-1,0-0,FC Nantes › FRA (12),,,,
Group 2nd,Matchday ?,2|B,(Tue) 19 Mar 2002 (W11),Galatasaray İstanbul AŞ › TUR (16),0-1,0-0,FC Barcelona › ESP (14),,,,
Group 2nd,Matchday ?,2|B,(Tue) 19 Mar 2002 (W11),Liverpool FC › ENG (14),2-0,1-0,AS Roma › ITA (12),,,,
Group 2nd,Matchday ?,2|C,(Wed) 20 Mar 2002 (W11),Panathinaikos FC › GRE (14),2-2,1-1,Real Madrid CF › ESP (12),,,,
Group 2nd,Matchday ?,2|C,(Wed) 20 Mar 2002 (W11),Sparta Praha › CZE (12),2-0,0-0,FC Porto › POR (16),,,,
Group 2nd,Matchday ?,2|D,(Wed) 20 Mar 2002 (W11),Juventus › ITA (12),1-0,0-0,Arsenal FC › ENG (12),,,,
Group 2nd,Matchday ?,2|D,(Wed) 20 Mar 2002 (W11),Deportivo La Coruna › ESP (12),1-3,0-1,Bayer 04 Leverkusen › GER (14),,,,
Knockout,Quarterfinals | Leg 1,,(Tue) 2 Apr 2002 (W13),Bayern München › GER (13),2-1,0-1,Real Madrid CF › ESP (13),2-3 (agg.),,,
Knockout,Quarterfinals | Leg 1,,(Tue) 2 Apr 2002 (W13),Deportivo La Coruna › ESP (13),0-2,0-2,Manchester United FC › ENG (13),2-5 (agg.),,,
Knockout,Quarterfinals | Leg 1,,(Wed) 3 Apr 2002 (W13),Panathinaikos FC › GRE (15),1-0,0-0,FC Barcelona › ESP (15),2-3 (agg.),,,
Knockout,Quarterfinals | Leg 1,,(Wed) 3 Apr 2002 (W13),Liverpool FC › ENG (15),1-0,1-0,Bayer 04 Leverkusen › GER (15),3-4 (agg.),,,
Knockout,Quarterfinals | Leg 2,,(Tue) 9 Apr 2002 (W14),Bayer 04 Leverkusen › GER (16),4-2,1-1,Liverpool FC › ENG (16),4-3 (agg.),,,
Knockout,Quarterfinals | Leg 2,,(Tue) 9 Apr 2002 (W14),FC Barcelona › ESP (16),3-1,1-1,Panathinaikos FC › GRE (16),3-2 (agg.),,,
Knockout,Quarterfinals | Leg 2,,(Wed) 10 Apr 2002 (W14),Manchester United FC › ENG (14),3-2,1-1,Deportivo La Coruna › ESP (14),5-2 (agg.),,,
Knockout,Quarterfinals | Leg 2,,(Wed) 10 Apr 2002 (W14),Real Madrid CF › ESP (14),2-0,0-0,Bayern München › GER (14),3-2 (agg.),,,
Knockout,Semifinals | Leg 1,,(Tue) 23 Apr 2002 (W16),FC Barcelona › ESP (17),0-2,0-0,Real Madrid CF › ESP (15),1-3 (agg.),,,
Knockout,Semifinals | Leg 1,,(Wed) 24 Apr 2002 (W16),Manchester United FC › ENG (15),2-2,1-0,Bayer 04 Leverkusen › GER (17),3-3 (agg.),,,
Knockout,Semifinals | Leg 2,,(Tue) 30 Apr 2002 (W17),Bayer 04 Leverkusen › GER (18),1-1,1-1,Manchester United FC › ENG (16),3-3 (agg.),,,away goals
Knockout,Semifinals | Leg 2,,(Wed) 1 May 2002 (W17),Real Madrid CF › ESP (16),1-1,1-0,FC Barcelona › ESP (18),3-1 (agg.),,,
Knockout,Final,,(Wed) 15 May 2002 (W19),Real Madrid CF › ESP (17),2-1,0-0,Bayer 04 Leverkusen › GER (19),,,,
