Round,Date,Team 1,FT,HT,Team 2,∑FT,ET,P,Comments
Prelim. Round | Leg 1,(Thu) 21 Aug 1969 (W33),TPS Turku › FIN (1),0-1,0-0,KB Kobenhavn › DEN (1),0-5 (agg.),,,
Prelim. Round | Leg 2,(Thu) 28 Aug 1969 (W34),KB Kobenhavn › DEN (2),4-0,0-0,TPS Turku › FIN (2),5-0 (agg.),,,
Round 1 | Leg 1,(Wed) 10 Sep 1969 (W36),AC Milan › ITA (1),5-0,1-0,Avenir Beggen › LUX (1),8-0 (agg.),,,
Round 1 | Leg 1,(Wed) 17 Sep 1969 (W37),ACF Fiorentina › ITA (1),1-0,0-0,Osters IF › SWE (1),3-1 (agg.),,,
Round 1 | Leg 1,(Wed) 17 Sep 1969 (W37),Bayern München › GER (1),2-0,1-0,AS Saint-Etienne › FRA (1),2-3 (agg.),,,
Round 1 | Leg 1,(Wed) 17 Sep 1969 (W37),Austria Wien › AUT (1),1-2,1-0,Dinamo Kiev › UKR (1),2-5 (agg.),,,
Round 1 | Leg 1,(Wed) 17 Sep 1969 (W37),Basel › SUI (1),0-0,0-0,Celtic FC › SCO (1),0-2 (agg.),,,
Round 1 | Leg 1,(Wed) 17 Sep 1969 (W37),Crvena Zvezda › SRB (1),8-0,5-0,Linfield › NIR (1),12-2 (agg.),,,
Round 1 | Leg 1,(Wed) 17 Sep 1969 (W37),CSKA Sofia › BUL (1),2-1,1-0,Ferencvaros › HUN (1),3-5 (agg.),,,
Round 1 | Leg 1,(Wed) 17 Sep 1969 (W37),KR Reykjavik › ISL (1),2-12,0-7,Feyenoord Rotterdam › NED (1),2-16 (agg.),,,
Round 1 | Leg 1,(Wed) 17 Sep 1969 (W37),Galatasaray İstanbul AŞ › TUR (1),2-0,2-0,Waterford AFC › IRL (1),5-2 (agg.),,,
Round 1 | Leg 1,(Wed) 17 Sep 1969 (W37),Hibernians › MLT (1),2-2,0-0,Spartak TAZ Trnava › SVK (1),2-6 (agg.),,,
Round 1 | Leg 1,(Wed) 17 Sep 1969 (W37),SL Benfica › POR (1),2-0,2-0,KB Kobenhavn › DEN (3),5-2 (agg.),,,
Round 1 | Leg 1,(Wed) 17 Sep 1969 (W37),Standard Liege › BEL (1),3-0,2-0,KF Tirana › ALB (1),4-1 (agg.),,,
Round 1 | Leg 1,(Wed) 17 Sep 1969 (W37),Leeds United FC › ENG (1),10-0,5-0,Lyn Oslo › NOR (1),16-0 (agg.),,,
Round 1 | Leg 1,(Wed) 17 Sep 1969 (W37),UT Arad › ROU (1),1-2,1-0,Legia Warsaw › POL (1),1-10 (agg.),,,
Round 1 | Leg 1,(Wed) 17 Sep 1969 (W37),ASK Vorwarts Berlin › GER (1),2-0,0-0,Panathinaikos FC › GRE (1),3-1 (agg.),,,
Round 1 | Leg 2,(Wed) 24 Sep 1969 (W38),Avenir Beggen › LUX (2),0-3,0-1,AC Milan › ITA (2),0-8 (agg.),,,
Round 1 | Leg 1,(Wed) 24 Sep 1969 (W38),Omonia Nicosia › CYP (1),0-8,0-3,Real Madrid CF › ESP (1),1-14 (agg.),,,
Round 1 | Leg 2,(Tue) 30 Sep 1969 (W39),Feyenoord Rotterdam › NED (2),4-0,2-0,KR Reykjavik › ISL (2),16-2 (agg.),,,
Round 1 | Leg 2,(Tue) 30 Sep 1969 (W39),Real Madrid CF › ESP (2),6-1,3-1,Omonia Nicosia › CYP (2),14-1 (agg.),,,
Round 1 | Leg 2,(Wed) 1 Oct 1969 (W39),Osters IF › SWE (2),1-2,1-1,ACF Fiorentina › ITA (2),1-3 (agg.),,,
Round 1 | Leg 2,(Wed) 1 Oct 1969 (W39),AS Saint-Etienne › FRA (2),3-0,1-0,Bayern München › GER (2),3-2 (agg.),,,
Round 1 | Leg 2,(Wed) 1 Oct 1969 (W39),Dinamo Kiev › UKR (2),3-1,0-1,Austria Wien › AUT (2),5-2 (agg.),,,
Round 1 | Leg 2,(Wed) 1 Oct 1969 (W39),Celtic FC › SCO (2),2-0,1-0,Basel › SUI (2),2-0 (agg.),,,
Round 1 | Leg 2,(Wed) 1 Oct 1969 (W39),Linfield › NIR (2),2-4,2-1,Crvena Zvezda › SRB (2),2-12 (agg.),,,
Round 1 | Leg 2,(Wed) 1 Oct 1969 (W39),Ferencvaros › HUN (2),4-1,2-1,CSKA Sofia › BUL (2),5-3 (agg.),,,
Round 1 | Leg 2,(Wed) 1 Oct 1969 (W39),Waterford AFC › IRL (2),2-3,0-1,Galatasaray İstanbul AŞ › TUR (2),2-5 (agg.),,,
Round 1 | Leg 2,(Wed) 1 Oct 1969 (W39),Spartak TAZ Trnava › SVK (2),4-0,1-0,Hibernians › MLT (2),6-2 (agg.),,,
Round 1 | Leg 2,(Wed) 1 Oct 1969 (W39),KB Kobenhavn › DEN (4),2-3,1-3,SL Benfica › POR (2),2-5 (agg.),,,
Round 1 | Leg 2,(Wed) 1 Oct 1969 (W39),KF Tirana › ALB (2),1-1,0-0,Standard Liege › BEL (2),1-4 (agg.),,,
Round 1 | Leg 2,(Wed) 1 Oct 1969 (W39),Lyn Oslo › NOR (2),0-6,0-3,Leeds United FC › ENG (2),0-16 (agg.),,,
Round 1 | Leg 2,(Wed) 1 Oct 1969 (W39),Legia Warsaw › POL (2),8-0,0-0,UT Arad › ROU (2),10-1 (agg.),,,
Round 1 | Leg 2,(Wed) 1 Oct 1969 (W39),Panathinaikos FC › GRE (2),1-1,1-0,ASK Vorwarts Berlin › GER (2),1-3 (agg.),,,
Round of 16 | Leg 1,(Wed) 12 Nov 1969 (W45),ASK Vorwarts Berlin › GER (3),2-1,1-1,Crvena Zvezda › SRB (3),4-4 (agg.),,,
Round of 16 | Leg 1,(Wed) 12 Nov 1969 (W45),Celtic FC › SCO (3),3-0,2-0,SL Benfica › POR (3),3-3 (agg.),,,
Round of 16 | Leg 1,(Wed) 12 Nov 1969 (W45),Spartak TAZ Trnava › SVK (3),1-0,0-0,Galatasaray İstanbul AŞ › TUR (3),1-1 (agg.),,,
Round of 16 | Leg 1,(Wed) 12 Nov 1969 (W45),AC Milan › ITA (3),1-0,1-0,Feyenoord Rotterdam › NED (3),1-2 (agg.),,,
Round of 16 | Leg 1,(Wed) 12 Nov 1969 (W45),Dinamo Kiev › UKR (3),1-2,0-1,ACF Fiorentina › ITA (3),1-2 (agg.),,,
Round of 16 | Leg 1,(Wed) 12 Nov 1969 (W45),Legia Warsaw › POL (3),2-1,0-1,AS Saint-Etienne › FRA (3),3-1 (agg.),,,
Round of 16 | Leg 1,(Wed) 12 Nov 1969 (W45),Leeds United FC › ENG (3),3-0,3-0,Ferencvaros › HUN (3),6-0 (agg.),,,
Round of 16 | Leg 1,(Wed) 19 Nov 1969 (W46),Standard Liege › BEL (3),1-0,1-0,Real Madrid CF › ESP (3),4-2 (agg.),,,
Round of 16 | Leg 2,(Wed) 26 Nov 1969 (W47),Crvena Zvezda › SRB (4),3-2,1-1,ASK Vorwarts Berlin › GER (4),4-4 (agg.),,,away goals
Round of 16 | Leg 2,(Wed) 26 Nov 1969 (W47),SL Benfica › POR (4),3-0 (*),2-0,Celtic FC › SCO (4),3-3 (agg.),3-0 (a.e.t.),,coin toss
Round of 16 | Leg 2,(Wed) 26 Nov 1969 (W47),Galatasaray İstanbul AŞ › TUR (4),1-0 (*),0-0,Spartak TAZ Trnava › SVK (4),1-1 (agg.),1-0 (a.e.t.),,coin toss
Round of 16 | Leg 2,(Wed) 26 Nov 1969 (W47),Feyenoord Rotterdam › NED (4),2-0,1-0,AC Milan › ITA (4),2-1 (agg.),,,
Round of 16 | Leg 2,(Wed) 26 Nov 1969 (W47),ACF Fiorentina › ITA (4),0-0,0-0,Dinamo Kiev › UKR (4),2-1 (agg.),,,
Round of 16 | Leg 2,(Wed) 26 Nov 1969 (W47),AS Saint-Etienne › FRA (4),0-1,0-0,Legia Warsaw › POL (4),1-3 (agg.),,,
Round of 16 | Leg 2,(Wed) 26 Nov 1969 (W47),Ferencvaros › HUN (4),0-3,0-1,Leeds United FC › ENG (4),0-6 (agg.),,,
Round of 16 | Leg 2,(Wed) 3 Dec 1969 (W48),Real Madrid CF › ESP (4),2-3,1-2,Standard Liege › BEL (4),2-4 (agg.),,,
Quarterfinals | Leg 1,(Wed) 4 Mar 1970 (W9),Celtic FC › SCO (5),3-0,1-0,ACF Fiorentina › ITA (5),3-1 (agg.),,,
Quarterfinals | Leg 1,(Wed) 4 Mar 1970 (W9),ASK Vorwarts Berlin › GER (5),1-0,0-0,Feyenoord Rotterdam › NED (5),1-2 (agg.),,,
Quarterfinals | Leg 1,(Wed) 4 Mar 1970 (W9),Galatasaray İstanbul AŞ › TUR (5),1-1,0-1,Legia Warsaw › POL (5),1-3 (agg.),,,
Quarterfinals | Leg 1,(Wed) 4 Mar 1970 (W9),Standard Liege › BEL (5),0-1,0-0,Leeds United FC › ENG (5),0-2 (agg.),,,
Quarterfinals | Leg 2,(Wed) 18 Mar 1970 (W11),ACF Fiorentina › ITA (6),1-0,1-0,Celtic FC › SCO (6),1-3 (agg.),,,
Quarterfinals | Leg 2,(Wed) 18 Mar 1970 (W11),Feyenoord Rotterdam › NED (6),2-0,0-0,ASK Vorwarts Berlin › GER (6),2-1 (agg.),,,
Quarterfinals | Leg 2,(Wed) 18 Mar 1970 (W11),Legia Warsaw › POL (6),2-0,1-0,Galatasaray İstanbul AŞ › TUR (6),3-1 (agg.),,,
Quarterfinals | Leg 2,(Wed) 18 Mar 1970 (W11),Leeds United FC › ENG (6),1-0,0-0,Standard Liege › BEL (6),2-0 (agg.),,,
Semifinals | Leg 1,(Wed) 1 Apr 1970 (W13),Leeds United FC › ENG (7),0-1,0-1,Celtic FC › SCO (7),1-3 (agg.),,,
Semifinals | Leg 1,(Wed) 1 Apr 1970 (W13),Legia Warsaw › POL (7),0-0,0-0,Feyenoord Rotterdam › NED (7),0-2 (agg.),,,
Semifinals | Leg 2,(Wed) 15 Apr 1970 (W15),Celtic FC › SCO (8),2-1,0-1,Leeds United FC › ENG (8),3-1 (agg.),,,
Semifinals | Leg 2,(Wed) 15 Apr 1970 (W15),Feyenoord Rotterdam › NED (8),2-0,2-0,Legia Warsaw › POL (8),2-0 (agg.),,,
Final,(Wed) 6 May 1970 (W18),Feyenoord Rotterdam › NED (9),1-1 (*),0-0,Celtic FC › SCO (9),,2-1 (a.e.t.),,
