Round,Date,Team 1,FT,HT,Team 2,∑FT,ET,P,Comments
Prelim. Round | Leg 1,(Sat) 16 Aug 1980 (W32),Budapest Honved SE › HUN (1),8-0,0-0,Valletta › MLT (1),,,,
Prelim. Round | Leg 2,(Wed) 3 Sep 1980 (W35),Valletta › MLT (2),0-3,0-0,Budapest Honved SE › HUN (2),0-11 (agg.),,,
Round 1 | Leg 1,(Tue) 16 Sep 1980 (W37),Linfield › NIR (1),0-1,0-1,FC Nantes › FRA (1),,,,
Round 1 | Leg 1,(Wed) 17 Sep 1980 (W37),Abderden › SCO (1),1-0,1-0,Austria Wien › AUT (1),,,,
Round 1 | Leg 1,(Wed) 17 Sep 1980 (W37),Dinamo Tirana › ALB (1),0-2,0-0,AFC Ajax › NED (1),,,,
Round 1 | Leg 1,(Wed) 17 Sep 1980 (W37),BFC Dynamo › GER (1),3-0,0-0,APOEL Nikosia › CYP (1),,,,
Round 1 | Leg 1,(Wed) 17 Sep 1980 (W37),IB Vestmannaeyja › ISL (1),1-1,1-1,Banik Ostrava › CZE (1),,,,
Round 1 | Leg 1,(Wed) 17 Sep 1980 (W37),Club Brugge › BEL (1),0-1,0-0,Basel › SUI (1),,,,
Round 1 | Leg 1,(Wed) 17 Sep 1980 (W37),Olympiacos › GRE (1),2-4,1-1,Bayern München › GER (1),,,,
Round 1 | Leg 1,(Wed) 17 Sep 1980 (W37),Sporting CP › POR (1),0-2,0-0,Budapest Honved SE › HUN (3),,,,
Round 1 | Leg 1,(Wed) 17 Sep 1980 (W37),Viking FK › NOR (1),2-3,1-0,Crvena Zvezda › SRB (1),,,,
Round 1 | Leg 1,(Wed) 17 Sep 1980 (W37),CSKA Sofia › BUL (1),1-0,0-0,Nottingham Forest FC › ENG (1),,,,
Round 1 | Leg 1,(Wed) 17 Sep 1980 (W37),Halmstads BK › SWE (1),0-0,0-0,Esbjerg fB › DEN (1),,,,
Round 1 | Leg 1,(Wed) 17 Sep 1980 (W37),Internazionale › ITA (1),2-0,1-0,FC Universitatea Craiova › ROU (1),,,,
Round 1 | Leg 1,(Wed) 17 Sep 1980 (W37),Jeunesse Esch › LUX (1),0-5,0-3,Spartak Moskva › RUS (1),,,,
Round 1 | Leg 1,(Wed) 17 Sep 1980 (W37),Limerick FC › IRL (1),1-2,0-0,Real Madrid CF › ESP (1),,,,
Round 1 | Leg 1,(Wed) 17 Sep 1980 (W37),OPS Oulu › FIN (1),1-1,0-1,Liverpool FC › ENG (1),,,,
Round 1 | Leg 1,(Wed) 17 Sep 1980 (W37),Trabzonspor AŞ › TUR (1),2-1,1-0,Szombierki Bytom › POL (1),,,,
Round 1 | Leg 2,(Wed) 1 Oct 1980 (W39),Austria Wien › AUT (2),0-0,0-0,Abderden › SCO (2),0-1 (agg.),,,
Round 1 | Leg 2,(Wed) 1 Oct 1980 (W39),AFC Ajax › NED (2),1-0,0-0,Dinamo Tirana › ALB (2),3-0 (agg.),,,
Round 1 | Leg 2,(Wed) 1 Oct 1980 (W39),APOEL Nikosia › CYP (2),2-1,1-0,BFC Dynamo › GER (2),2-4 (agg.),,,
Round 1 | Leg 2,(Wed) 1 Oct 1980 (W39),Banik Ostrava › CZE (2),1-0,1-0,IB Vestmannaeyja › ISL (2),2-1 (agg.),,,
Round 1 | Leg 2,(Wed) 1 Oct 1980 (W39),Basel › SUI (2),4-1,1-1,Club Brugge › BEL (2),5-1 (agg.),,,
Round 1 | Leg 2,(Wed) 1 Oct 1980 (W39),Bayern München › GER (2),3-0,2-0,Olympiacos › GRE (2),7-2 (agg.),,,
Round 1 | Leg 2,(Wed) 1 Oct 1980 (W39),Budapest Honved SE › HUN (4),1-0,1-0,Sporting CP › POR (2),3-0 (agg.),,,
Round 1 | Leg 2,(Wed) 1 Oct 1980 (W39),Crvena Zvezda › SRB (2),4-1,3-0,Viking FK › NOR (2),7-3 (agg.),,,
Round 1 | Leg 2,(Wed) 1 Oct 1980 (W39),Nottingham Forest FC › ENG (2),0-1,0-1,CSKA Sofia › BUL (2),0-2 (agg.),,,
Round 1 | Leg 2,(Wed) 1 Oct 1980 (W39),Esbjerg fB › DEN (2),3-2,2-1,Halmstads BK › SWE (2),3-2 (agg.),,,
Round 1 | Leg 2,(Wed) 1 Oct 1980 (W39),FC Universitatea Craiova › ROU (2),1-1,1-1,Internazionale › ITA (2),1-3 (agg.),,,
Round 1 | Leg 2,(Wed) 1 Oct 1980 (W39),Spartak Moskva › RUS (2),4-0,3-0,Jeunesse Esch › LUX (2),9-0 (agg.),,,
Round 1 | Leg 2,(Wed) 1 Oct 1980 (W39),Real Madrid CF › ESP (2),5-1,2-1,Limerick FC › IRL (2),7-2 (agg.),,,
Round 1 | Leg 2,(Wed) 1 Oct 1980 (W39),FC Nantes › FRA (2),2-0,0-0,Linfield › NIR (2),3-0 (agg.),,,
Round 1 | Leg 2,(Wed) 1 Oct 1980 (W39),Liverpool FC › ENG (2),10-1,4-0,OPS Oulu › FIN (2),11-2 (agg.),,,
Round 1 | Leg 2,(Wed) 1 Oct 1980 (W39),Szombierki Bytom › POL (2),3-0,1-0,Trabzonspor AŞ › TUR (2),4-2 (agg.),,,
Round of 16 | Leg 1,(Wed) 22 Oct 1980 (W42),Banik Ostrava › CZE (3),0-0,0-0,BFC Dynamo › GER (3),,,,
Round of 16 | Leg 1,(Wed) 22 Oct 1980 (W42),Abderden › SCO (3),0-1,0-1,Liverpool FC › ENG (3),,,,
Round of 16 | Leg 1,(Wed) 22 Oct 1980 (W42),Bayern München › GER (3),5-1,1-1,AFC Ajax › NED (3),,,,
Round of 16 | Leg 1,(Wed) 22 Oct 1980 (W42),Basel › SUI (3),1-0,1-0,Crvena Zvezda › SRB (3),,,,
Round of 16 | Leg 1,(Wed) 22 Oct 1980 (W42),Real Madrid CF › ESP (3),1-0,1-0,Budapest Honved SE › HUN (5),,,,
Round of 16 | Leg 1,(Wed) 22 Oct 1980 (W42),CSKA Sofia › BUL (3),4-0,1-0,Szombierki Bytom › POL (3),,,,
Round of 16 | Leg 1,(Wed) 22 Oct 1980 (W42),Spartak Moskva › RUS (3),3-0,2-0,Esbjerg fB › DEN (3),,,,
Round of 16 | Leg 1,(Wed) 22 Oct 1980 (W42),FC Nantes › FRA (3),1-2,0-1,Internazionale › ITA (3),,,,
Round of 16 | Leg 2,(Wed) 5 Nov 1980 (W44),BFC Dynamo › GER (4),1-1,0-1,Banik Ostrava › CZE (4),1-1 (agg.),,,Away Goals (2)
Round of 16 | Leg 2,(Wed) 5 Nov 1980 (W44),Liverpool FC › ENG (4),4-0,2-0,Abderden › SCO (4),5-0 (agg.),,,
Round of 16 | Leg 2,(Wed) 5 Nov 1980 (W44),AFC Ajax › NED (4),2-1,2-0,Bayern München › GER (4),3-6 (agg.),,,
Round of 16 | Leg 2,(Wed) 5 Nov 1980 (W44),Crvena Zvezda › SRB (4),2-0,2-0,Basel › SUI (4),2-1 (agg.),,,
Round of 16 | Leg 2,(Wed) 5 Nov 1980 (W44),Budapest Honved SE › HUN (6),0-2,0-1,Real Madrid CF › ESP (4),0-3 (agg.),,,
Round of 16 | Leg 2,(Wed) 5 Nov 1980 (W44),Szombierki Bytom › POL (4),0-1,0-0,CSKA Sofia › BUL (4),0-5 (agg.),,,
Round of 16 | Leg 2,(Wed) 5 Nov 1980 (W44),Esbjerg fB › DEN (4),2-0,0-0,Spartak Moskva › RUS (4),2-3 (agg.),,,
Round of 16 | Leg 2,(Wed) 5 Nov 1980 (W44),Internazionale › ITA (4),1-1,1-0,FC Nantes › FRA (4),3-2 (agg.),,,
Quarterfinals | Leg 1,(Wed) 4 Mar 1981 (W9),Bayern München › GER (5),2-0,0-0,Banik Ostrava › CZE (5),,,,
Quarterfinals | Leg 1,(Wed) 4 Mar 1981 (W9),Internazionale › ITA (5),1-1,1-0,Crvena Zvezda › SRB (5),,,,
Quarterfinals | Leg 1,(Wed) 4 Mar 1981 (W9),Liverpool FC › ENG (5),5-1,2-0,CSKA Sofia › BUL (5),,,,
Quarterfinals | Leg 1,(Wed) 4 Mar 1981 (W9),Spartak Moskva › RUS (5),0-0,0-0,Real Madrid CF › ESP (5),,,,
Quarterfinals | Leg 2,(Wed) 18 Mar 1981 (W11),Banik Ostrava › CZE (6),2-4,1-4,Bayern München › GER (6),2-6 (agg.),,,
Quarterfinals | Leg 2,(Wed) 18 Mar 1981 (W11),Crvena Zvezda › SRB (6),0-1,0-1,Internazionale › ITA (6),1-2 (agg.),,,
Quarterfinals | Leg 2,(Wed) 18 Mar 1981 (W11),CSKA Sofia › BUL (6),0-1,0-1,Liverpool FC › ENG (6),1-6 (agg.),,,
Quarterfinals | Leg 2,(Thu) 19 Mar 1981 (W11),Real Madrid CF › ESP (6),2-0,0-0,Spartak Moskva › RUS (6),2-0 (agg.),,,
Semifinals | Leg 1,(Wed) 8 Apr 1981 (W14),Liverpool FC › ENG (7),0-0,0-0,Bayern München › GER (7),,,,
Semifinals | Leg 1,(Wed) 8 Apr 1981 (W14),Real Madrid CF › ESP (7),2-0,1-0,Internazionale › ITA (7),,,,
Semifinals | Leg 2,(Wed) 22 Apr 1981 (W16),Bayern München › GER (8),1-1,0-0,Liverpool FC › ENG (8),1-1 (agg.),,,Away Goals (2)
Semifinals | Leg 2,(Wed) 22 Apr 1981 (W16),Internazionale › ITA (8),1-0,0-0,Real Madrid CF › ESP (8),1-2 (agg.),,,
Final,(Wed) 27 May 1981 (W21),Liverpool FC › ENG (9),1-0,0-0,Real Madrid CF › ESP (9),,,,
