Stage,Round,Group,Date,Team 1,FT,HT,Team 2,∑FT,ET,P,Comments
Qualifying,Qual. Round 1 | Leg 1,,(Tue) 2 Jul 2013 (W26),Lusitanos › AND (1),2-2,0-0,EB / Streymur › FRO (1),,,,
Qualifying,Qual. Round 1 | Leg 1,,(Tue) 2 Jul 2013 (W26),Shirak › ARM (1),3-0,0-0,Tre Penne › SMR (1),,,,
Qualifying,Qual. Round 1 | Leg 2,,(Tue) 9 Jul 2013 (W27),EB / Streymur › FRO (2),5-1,0-0,Lusitanos › AND (2),7-3 (agg.),,,
Qualifying,Qual. Round 1 | Leg 2,,(Tue) 9 Jul 2013 (W27),Tre Penne › SMR (2),1-0,0-0,Shirak › ARM (2),1-3 (agg.),,,
Qualifying,Qual. Round 2 | Leg 1,,(Tue) 16 Jul 2013 (W28),Birkirkara › MLT (1),0-0,0-0,NK Maribor › SVN (1),,,,
Qualifying,Qual. Round 2 | Leg 1,,(Tue) 16 Jul 2013 (W28),BATE Borisov › BLR (1),0-1,0-0,Shakhter Karagandy › KAZ (1),,,,
Qualifying,Qual. Round 2 | Leg 1,,(Tue) 16 Jul 2013 (W28),Dinamo Tbilisi › GEO (1),6-1,0-0,EB / Streymur › FRO (3),,,,
Qualifying,Qual. Round 2 | Leg 1,,(Tue) 16 Jul 2013 (W28),Fola Esch › LUX (1),0-5,0-0,Dinamo Zagreb › CRO (1),,,,
Qualifying,Qual. Round 2 | Leg 1,,(Tue) 16 Jul 2013 (W28),FK Ekranas › LTU (1),0-1,0-0,FH › ISL (1),,,,
Qualifying,Qual. Round 2 | Leg 1,,(Tue) 16 Jul 2013 (W28),Sheriff Tiraspol › MDA (1),1-1,0-0,Sutjeska Niksic › MNE (1),,,,
Qualifying,Qual. Round 2 | Leg 1,,(Tue) 16 Jul 2013 (W28),Viktoria Plzen › CZE (1),4-3,0-0,Zeljeznicar Sarajevo › BIH (1),,,,
Qualifying,Qual. Round 2 | Leg 1,,(Tue) 16 Jul 2013 (W28),Steaua Bucuresti › ROU (1),3-0,0-0,Vardar Skopje › MKD (1),,,,
Qualifying,Qual. Round 2 | Leg 1,,(Wed) 17 Jul 2013 (W28),Cliftonville › NIR (1),0-3,0-0,Celtic FC › SCO (1),,,,
Qualifying,Qual. Round 2 | Leg 1,,(Wed) 17 Jul 2013 (W28),Elfsborg › SWE (1),7-1,0-0,Daugava Daugavpils › LVA (1),,,,
Qualifying,Qual. Round 2 | Leg 1,,(Wed) 17 Jul 2013 (W28),Gyori ETO › HUN (1),0-2,0-0,Maccabi Tel Aviv › ISR (1),,,,
Qualifying,Qual. Round 2 | Leg 1,,(Wed) 17 Jul 2013 (W28),HJK Helsinki › FIN (1),0-0,0-0,Nomme Kalju › EST (1),,,,
Qualifying,Qual. Round 2 | Leg 1,,(Wed) 17 Jul 2013 (W28),Shirak › ARM (3),1-1,0-0,Partizan Belgrade › SRB (1),,,,
Qualifying,Qual. Round 2 | Leg 1,,(Wed) 17 Jul 2013 (W28),Sligo Rovers › IRL (1),0-1,0-0,Molde FK › NOR (1),,,,
Qualifying,Qual. Round 2 | Leg 1,,(Wed) 17 Jul 2013 (W28),Neftchi PFC Baku › AZE (1),0-0,0-0,Skenderbeu Korce › ALB (1),,,,
Qualifying,Qual. Round 2 | Leg 1,,(Wed) 17 Jul 2013 (W28),SK Slovan Bratislava › SVK (1),2-1,0-0,PFC Ludogorets Razgrad › BUL (1),,,,
Qualifying,Qual. Round 2 | Leg 1,,(Wed) 17 Jul 2013 (W28),The New Saints › WAL (1),1-3,0-0,Legia Warsaw › POL (1),,,,
Qualifying,Qual. Round 2 | Leg 2,,(Tue) 23 Jul 2013 (W29),Shakhter Karagandy › KAZ (2),1-0,0-0,BATE Borisov › BLR (2),2-0 (agg.),,,
Qualifying,Qual. Round 2 | Leg 2,,(Tue) 23 Jul 2013 (W29),Celtic FC › SCO (2),2-0,0-0,Cliftonville › NIR (2),5-0 (agg.),,,
Qualifying,Qual. Round 2 | Leg 2,,(Tue) 23 Jul 2013 (W29),Daugava Daugavpils › LVA (2),0-4,0-0,Elfsborg › SWE (2),1-11 (agg.),,,
Qualifying,Qual. Round 2 | Leg 2,,(Tue) 23 Jul 2013 (W29),EB / Streymur › FRO (4),1-3,0-0,Dinamo Tbilisi › GEO (2),2-9 (agg.),,,
Qualifying,Qual. Round 2 | Leg 2,,(Tue) 23 Jul 2013 (W29),Dinamo Zagreb › CRO (2),1-0,0-0,Fola Esch › LUX (2),6-0 (agg.),,,
Qualifying,Qual. Round 2 | Leg 2,,(Tue) 23 Jul 2013 (W29),FH › ISL (2),2-1,0-0,FK Ekranas › LTU (2),3-1 (agg.),,,
Qualifying,Qual. Round 2 | Leg 2,,(Tue) 23 Jul 2013 (W29),Maccabi Tel Aviv › ISR (2),2-1,0-0,Gyori ETO › HUN (2),4-1 (agg.),,,
Qualifying,Qual. Round 2 | Leg 2,,(Tue) 23 Jul 2013 (W29),Nomme Kalju › EST (2),2-1,0-0,HJK Helsinki › FIN (2),2-1 (agg.),,,
Qualifying,Qual. Round 2 | Leg 2,,(Tue) 23 Jul 2013 (W29),Zeljeznicar Sarajevo › BIH (2),1-2,0-0,Viktoria Plzen › CZE (2),4-6 (agg.),,,
Qualifying,Qual. Round 2 | Leg 2,,(Tue) 23 Jul 2013 (W29),Skenderbeu Korce › ALB (2),0-0 (*),0-0,Neftchi PFC Baku › AZE (2),0-0 (agg.),1-0 (a.e.t.),,
Qualifying,Qual. Round 2 | Leg 2,,(Tue) 23 Jul 2013 (W29),Sutjeska Niksic › MNE (2),0-5,0-0,Sheriff Tiraspol › MDA (2),1-6 (agg.),,,
Qualifying,Qual. Round 2 | Leg 2,,(Tue) 23 Jul 2013 (W29),Vardar Skopje › MKD (2),1-2,0-0,Steaua Bucuresti › ROU (2),1-5 (agg.),,,
Qualifying,Qual. Round 2 | Leg 2,,(Tue) 23 Jul 2013 (W29),Molde FK › NOR (2),2-0,0-0,Sligo Rovers › IRL (2),3-0 (agg.),,,
Qualifying,Qual. Round 2 | Leg 2,,(Wed) 24 Jul 2013 (W29),NK Maribor › SVN (2),2-0,0-0,Birkirkara › MLT (2),2-0 (agg.),,,
Qualifying,Qual. Round 2 | Leg 2,,(Wed) 24 Jul 2013 (W29),Legia Warsaw › POL (2),1-0,0-0,The New Saints › WAL (2),4-1 (agg.),,,
Qualifying,Qual. Round 2 | Leg 2,,(Wed) 24 Jul 2013 (W29),PFC Ludogorets Razgrad › BUL (2),3-0,0-0,SK Slovan Bratislava › SVK (2),4-2 (agg.),,,
Qualifying,Qual. Round 2 | Leg 2,,(Wed) 24 Jul 2013 (W29),Partizan Belgrade › SRB (2),0-0,0-0,Shirak › ARM (4),1-1 (agg.),,,away goals
Qualifying,Qual. Round 3 | Leg 1,,(Tue) 30 Jul 2013 (W30),Dinamo Tbilisi › GEO (3),0-2,0-0,Steaua Bucuresti › ROU (3),,,,
Qualifying,Qual. Round 3 | Leg 1,,(Tue) 30 Jul 2013 (W30),Basel › SUI (1),1-0,0-0,Maccabi Tel Aviv › ISR (3),,,,
Qualifying,Qual. Round 3 | Leg 1,,(Tue) 30 Jul 2013 (W30),Austria Wien › AUT (1),1-0,0-0,FH › ISL (3),,,,
Qualifying,Qual. Round 3 | Leg 1,,(Tue) 30 Jul 2013 (W30),Dinamo Zagreb › CRO (3),1-0,0-0,Sheriff Tiraspol › MDA (3),,,,
Qualifying,Qual. Round 3 | Leg 1,,(Tue) 30 Jul 2013 (W30),Olympique Lyon › FRA (1),1-0,0-0,Grasshoppers Zurich › SUI (1),,,,
Qualifying,Qual. Round 3 | Leg 1,,(Tue) 30 Jul 2013 (W30),PAOK FC › GRE (1),0-2,0-0,Metalist Kharkiv › UKR (1),,,,
Qualifying,Qual. Round 3 | Leg 1,,(Tue) 30 Jul 2013 (W30),Nomme Kalju › EST (3),0-4,0-0,Viktoria Plzen › CZE (3),,,,
Qualifying,Qual. Round 3 | Leg 1,,(Tue) 30 Jul 2013 (W30),Nordsjaelland › DEN (1),0-1,0-0,Zenit St. Petersburg › RUS (1),,,,
Qualifying,Qual. Round 3 | Leg 1,,(Tue) 30 Jul 2013 (W30),Shakhter Karagandy › KAZ (3),3-0,0-0,Skenderbeu Korce › ALB (3),,,,
Qualifying,Qual. Round 3 | Leg 1,,(Tue) 30 Jul 2013 (W30),PSV Eindhoven › NED (1),2-0,0-0,Zulte-Waregem › BEL (1),,,,
Qualifying,Qual. Round 3 | Leg 1,,(Wed) 31 Jul 2013 (W30),APOEL Nikosia › CYP (1),1-1,0-0,NK Maribor › SVN (3),,,,
Qualifying,Qual. Round 3 | Leg 1,,(Wed) 31 Jul 2013 (W30),Molde FK › NOR (3),1-1,0-0,Legia Warsaw › POL (3),,,,
Qualifying,Qual. Round 3 | Leg 1,,(Wed) 31 Jul 2013 (W30),Celtic FC › SCO (3),1-0,0-0,Elfsborg › SWE (3),,,,
Qualifying,Qual. Round 3 | Leg 1,,(Wed) 31 Jul 2013 (W30),FC RB Salzburg › AUT (1),1-1,0-0,Fenerbahçe İstanbul SK › TUR (1),,,,
Qualifying,Qual. Round 3 | Leg 1,,(Wed) 31 Jul 2013 (W30),PFC Ludogorets Razgrad › BUL (3),2-1,0-0,Partizan Belgrade › SRB (3),,,,
Qualifying,Qual. Round 3 | Leg 2,,(Tue) 6 Aug 2013 (W31),NK Maribor › SVN (4),0-0,0-0,APOEL Nikosia › CYP (2),1-1 (agg.),,,away goals
Qualifying,Qual. Round 3 | Leg 2,,(Tue) 6 Aug 2013 (W31),Partizan Belgrade › SRB (4),0-1,0-0,PFC Ludogorets Razgrad › BUL (4),1-3 (agg.),,,
Qualifying,Qual. Round 3 | Leg 2,,(Tue) 6 Aug 2013 (W31),Steaua Bucuresti › ROU (4),1-1,0-0,Dinamo Tbilisi › GEO (4),3-1 (agg.),,,
Qualifying,Qual. Round 3 | Leg 2,,(Tue) 6 Aug 2013 (W31),Fenerbahçe İstanbul SK › TUR (2),3-1,0-0,FC RB Salzburg › AUT (2),4-2 (agg.),,,
Qualifying,Qual. Round 3 | Leg 2,,(Tue) 6 Aug 2013 (W31),Grasshoppers Zurich › SUI (2),0-1,0-0,Olympique Lyon › FRA (2),0-2 (agg.),,,
Qualifying,Qual. Round 3 | Leg 2,,(Tue) 6 Aug 2013 (W31),Skenderbeu Korce › ALB (4),3-2,0-0,Shakhter Karagandy › KAZ (4),3-5 (agg.),,,
Qualifying,Qual. Round 3 | Leg 2,,(Tue) 6 Aug 2013 (W31),Maccabi Tel Aviv › ISR (4),3-3,0-0,Basel › SUI (2),3-4 (agg.),,,
Qualifying,Qual. Round 3 | Leg 2,,(Wed) 7 Aug 2013 (W31),Legia Warsaw › POL (4),0-0,0-0,Molde FK › NOR (4),1-1 (agg.),,,away goals
Qualifying,Qual. Round 3 | Leg 2,,(Wed) 7 Aug 2013 (W31),FH › ISL (4),0-0,0-0,Austria Wien › AUT (2),0-1 (agg.),,,
Qualifying,Qual. Round 3 | Leg 2,,(Wed) 7 Aug 2013 (W31),Elfsborg › SWE (4),0-0,0-0,Celtic FC › SCO (4),0-1 (agg.),,,
Qualifying,Qual. Round 3 | Leg 2,,(Wed) 7 Aug 2013 (W31),Sheriff Tiraspol › MDA (4),0-3,0-0,Dinamo Zagreb › CRO (4),0-4 (agg.),,,
Qualifying,Qual. Round 3 | Leg 2,,(Wed) 7 Aug 2013 (W31),Metalist Kharkiv › UKR (2),1-1,0-0,PAOK FC › GRE (2),3-1 (agg.),,,
Qualifying,Qual. Round 3 | Leg 2,,(Wed) 7 Aug 2013 (W31),Viktoria Plzen › CZE (4),6-2,0-0,Nomme Kalju › EST (4),10-2 (agg.),,,
Qualifying,Qual. Round 3 | Leg 2,,(Wed) 7 Aug 2013 (W31),Zulte-Waregem › BEL (2),0-3,0-0,PSV Eindhoven › NED (2),0-5 (agg.),,,
Qualifying,Qual. Round 3 | Leg 2,,(Wed) 7 Aug 2013 (W31),Zenit St. Petersburg › RUS (2),5-0,0-0,Nordsjaelland › DEN (2),6-0 (agg.),,,
Qualifying,Playoff Round | Leg 1,,(Tue) 20 Aug 2013 (W33),Pacos de Ferreira › POR (1),1-4,0-0,Zenit St. Petersburg › RUS (3),,,,
Qualifying,Playoff Round | Leg 1,,(Tue) 20 Aug 2013 (W33),Shakhter Karagandy › KAZ (5),2-0,0-0,Celtic FC › SCO (5),,,,
Qualifying,Playoff Round | Leg 1,,(Tue) 20 Aug 2013 (W33),Viktoria Plzen › CZE (5),3-1,0-0,NK Maribor › SVN (5),,,,
Qualifying,Playoff Round | Leg 1,,(Tue) 20 Aug 2013 (W33),Olympique Lyon › FRA (3),0-2,0-0,Real Sociedad › ESP (1),,,,
Qualifying,Playoff Round | Leg 1,,(Tue) 20 Aug 2013 (W33),PSV Eindhoven › NED (3),1-1,0-0,AC Milan › ITA (1),,,,
Qualifying,Playoff Round | Leg 1,,(Wed) 21 Aug 2013 (W33),FC Schalke 04 › GER (1),1-1,0-0,PAOK FC › GRE (3),,,,
Qualifying,Playoff Round | Leg 1,,(Wed) 21 Aug 2013 (W33),Fenerbahçe İstanbul SK › TUR (3),0-3,0-0,Arsenal FC › ENG (1),,,,
Qualifying,Playoff Round | Leg 1,,(Wed) 21 Aug 2013 (W33),Dinamo Zagreb › CRO (5),0-2,0-0,Austria Wien › AUT (3),,,,
Qualifying,Playoff Round | Leg 1,,(Wed) 21 Aug 2013 (W33),PFC Ludogorets Razgrad › BUL (5),2-4,0-0,Basel › SUI (3),,,,
Qualifying,Playoff Round | Leg 1,,(Wed) 21 Aug 2013 (W33),Steaua Bucuresti › ROU (5),1-1,0-0,Legia Warsaw › POL (5),,,,
Qualifying,Playoff Round | Leg 2,,(Tue) 27 Aug 2013 (W34),Legia Warsaw › POL (6),2-2,0-0,Steaua Bucuresti › ROU (6),3-3 (agg.),,,away goals
Qualifying,Playoff Round | Leg 2,,(Tue) 27 Aug 2013 (W34),Arsenal FC › ENG (2),2-0,0-0,Fenerbahçe İstanbul SK › TUR (4),5-0 (agg.),,,
Qualifying,Playoff Round | Leg 2,,(Tue) 27 Aug 2013 (W34),Austria Wien › AUT (4),2-3,0-0,Dinamo Zagreb › CRO (6),4-3 (agg.),,,
Qualifying,Playoff Round | Leg 2,,(Tue) 27 Aug 2013 (W34),Basel › SUI (4),2-0,0-0,PFC Ludogorets Razgrad › BUL (6),6-2 (agg.),,,
Qualifying,Playoff Round | Leg 2,,(Tue) 27 Aug 2013 (W34),PAOK FC › GRE (4),2-3,0-0,FC Schalke 04 › GER (2),3-4 (agg.),,,
Qualifying,Playoff Round | Leg 2,,(Wed) 28 Aug 2013 (W34),AC Milan › ITA (2),3-0,0-0,PSV Eindhoven › NED (4),4-1 (agg.),,,
Qualifying,Playoff Round | Leg 2,,(Wed) 28 Aug 2013 (W34),Zenit St. Petersburg › RUS (4),4-2,0-0,Pacos de Ferreira › POR (2),8-3 (agg.),,,
Qualifying,Playoff Round | Leg 2,,(Wed) 28 Aug 2013 (W34),NK Maribor › SVN (6),0-1,0-0,Viktoria Plzen › CZE (6),1-4 (agg.),,,
Qualifying,Playoff Round | Leg 2,,(Wed) 28 Aug 2013 (W34),Real Sociedad › ESP (2),2-0,0-0,Olympique Lyon › FRA (4),4-0 (agg.),,,
Qualifying,Playoff Round | Leg 2,,(Wed) 28 Aug 2013 (W34),Celtic FC › SCO (6),3-0,0-0,Shakhter Karagandy › KAZ (6),3-2 (agg.),,,
Group,Matchday ?,A,(Tue) 17 Sep 2013 (W37),Manchester United FC › ENG (1),4-2,1-0,Bayer 04 Leverkusen › GER (1),,,,
Group,Matchday ?,A,(Tue) 17 Sep 2013 (W37),Real Sociedad › ESP (3),0-2,0-0,Shakhtar Donetsk › UKR (1),,,,
Group,Matchday ?,B,(Tue) 17 Sep 2013 (W37),Galatasaray İstanbul AŞ › TUR (1),1-6,0-1,Real Madrid CF › ESP (1),,,,
Group,Matchday ?,B,(Tue) 17 Sep 2013 (W37),Kobenhavn › DEN (1),1-1,1-0,Juventus › ITA (1),,,,
Group,Matchday ?,C,(Tue) 17 Sep 2013 (W37),SL Benfica › POR (1),2-0,2-0,RSC Anderlecht › BEL (1),,,,
Group,Matchday ?,C,(Tue) 17 Sep 2013 (W37),Olympiacos › GRE (1),1-4,1-1,Paris Saint-Germain › FRA (1),,,,
Group,Matchday ?,D,(Tue) 17 Sep 2013 (W37),Viktoria Plzen › CZE (7),0-3,0-0,Manchester City FC › ENG (1),,,,
Group,Matchday ?,D,(Tue) 17 Sep 2013 (W37),Bayern München › GER (1),3-0,2-0,CSKA Moskva › RUS (1),,,,
Group,Matchday ?,E,(Wed) 18 Sep 2013 (W37),FC Schalke 04 › GER (3),3-0,0-0,Steaua Bucuresti › ROU (7),,,,
Group,Matchday ?,E,(Wed) 18 Sep 2013 (W37),Chelsea FC › ENG (1),1-2,1-0,Basel › SUI (5),,,,
Group,Matchday ?,F,(Wed) 18 Sep 2013 (W37),SSC Napoli › ITA (1),2-1,1-0,Borussia Dortmund › GER (1),,,,
Group,Matchday ?,F,(Wed) 18 Sep 2013 (W37),Olympique Marseille › FRA (1),1-2,0-0,Arsenal FC › ENG (3),,,,
Group,Matchday ?,G,(Wed) 18 Sep 2013 (W37),Austria Wien › AUT (5),0-1,0-0,FC Porto › POR (1),,,,
Group,Matchday ?,G,(Wed) 18 Sep 2013 (W37),Atletico Madrid › ESP (1),3-1,1-0,Zenit St. Petersburg › RUS (5),,,,
Group,Matchday ?,H,(Wed) 18 Sep 2013 (W37),AC Milan › ITA (3),2-0,0-0,Celtic FC › SCO (7),,,,
Group,Matchday ?,H,(Wed) 18 Sep 2013 (W37),FC Barcelona › ESP (1),4-0,1-0,AFC Ajax › NED (1),,,,
Group,Matchday ?,E,(Tue) 1 Oct 2013 (W39),Basel › SUI (6),0-1,0-0,FC Schalke 04 › GER (4),,,,
Group,Matchday ?,E,(Tue) 1 Oct 2013 (W39),Steaua Bucuresti › ROU (8),0-4,0-2,Chelsea FC › ENG (2),,,,
Group,Matchday ?,F,(Tue) 1 Oct 2013 (W39),Arsenal FC › ENG (4),2-0,2-0,SSC Napoli › ITA (2),,,,
Group,Matchday ?,F,(Tue) 1 Oct 2013 (W39),Borussia Dortmund › GER (2),3-0,1-0,Olympique Marseille › FRA (2),,,,
Group,Matchday ?,G,(Tue) 1 Oct 2013 (W39),Zenit St. Petersburg › RUS (6),0-0,0-0,Austria Wien › AUT (6),,,,
Group,Matchday ?,G,(Tue) 1 Oct 2013 (W39),FC Porto › POR (2),1-2,1-0,Atletico Madrid › ESP (2),,,,
Group,Matchday ?,H,(Tue) 1 Oct 2013 (W39),Celtic FC › SCO (8),0-1,0-0,FC Barcelona › ESP (2),,,,
Group,Matchday ?,H,(Tue) 1 Oct 2013 (W39),AFC Ajax › NED (2),1-1,0-0,AC Milan › ITA (4),,,,
Group,Matchday ?,A,(Wed) 2 Oct 2013 (W39),Bayer 04 Leverkusen › GER (2),2-1,1-0,Real Sociedad › ESP (4),,,,
Group,Matchday ?,A,(Wed) 2 Oct 2013 (W39),Shakhtar Donetsk › UKR (2),1-1,0-1,Manchester United FC › ENG (2),,,,
Group,Matchday ?,B,(Wed) 2 Oct 2013 (W39),Real Madrid CF › ESP (2),4-0,1-0,Kobenhavn › DEN (2),,,,
Group,Matchday ?,B,(Wed) 2 Oct 2013 (W39),Juventus › ITA (2),2-2,0-1,Galatasaray İstanbul AŞ › TUR (2),,,,
Group,Matchday ?,C,(Wed) 2 Oct 2013 (W39),Paris Saint-Germain › FRA (2),3-0,3-0,SL Benfica › POR (2),,,,
Group,Matchday ?,C,(Wed) 2 Oct 2013 (W39),RSC Anderlecht › BEL (2),0-3,0-1,Olympiacos › GRE (2),,,,
Group,Matchday ?,D,(Wed) 2 Oct 2013 (W39),CSKA Moskva › RUS (2),3-2,2-1,Viktoria Plzen › CZE (8),,,,
Group,Matchday ?,D,(Wed) 2 Oct 2013 (W39),Manchester City FC › ENG (2),1-3,0-1,Bayern München › GER (2),,,,
Group,Matchday ?,E,(Tue) 22 Oct 2013 (W42),FC Schalke 04 › GER (5),0-3,0-1,Chelsea FC › ENG (3),,,,
Group,Matchday ?,E,(Tue) 22 Oct 2013 (W42),Steaua Bucuresti › ROU (9),1-1,0-0,Basel › SUI (7),,,,
Group,Matchday ?,F,(Tue) 22 Oct 2013 (W42),Olympique Marseille › FRA (3),1-2,0-1,SSC Napoli › ITA (3),,,,
Group,Matchday ?,F,(Tue) 22 Oct 2013 (W42),Arsenal FC › ENG (5),1-2,1-1,Borussia Dortmund › GER (3),,,,
Group,Matchday ?,G,(Tue) 22 Oct 2013 (W42),Austria Wien › AUT (7),0-3,0-2,Atletico Madrid › ESP (3),,,,
Group,Matchday ?,G,(Tue) 22 Oct 2013 (W42),FC Porto › POR (3),0-1,0-0,Zenit St. Petersburg › RUS (7),,,,
Group,Matchday ?,H,(Tue) 22 Oct 2013 (W42),Celtic FC › SCO (9),2-1,1-0,AFC Ajax › NED (3),,,,
Group,Matchday ?,H,(Tue) 22 Oct 2013 (W42),AC Milan › ITA (5),1-1,1-1,FC Barcelona › ESP (3),,,,
Group,Matchday ?,A,(Wed) 23 Oct 2013 (W42),Bayer 04 Leverkusen › GER (3),4-0,1-0,Shakhtar Donetsk › UKR (3),,,,
Group,Matchday ?,A,(Wed) 23 Oct 2013 (W42),Manchester United FC › ENG (3),1-0,1-0,Real Sociedad › ESP (5),,,,
Group,Matchday ?,B,(Wed) 23 Oct 2013 (W42),Galatasaray İstanbul AŞ › TUR (3),3-1,3-0,Kobenhavn › DEN (3),,,,
Group,Matchday ?,B,(Wed) 23 Oct 2013 (W42),Real Madrid CF › ESP (3),2-1,2-1,Juventus › ITA (3),,,,
Group,Matchday ?,C,(Wed) 23 Oct 2013 (W42),RSC Anderlecht › BEL (3),0-5,0-3,Paris Saint-Germain › FRA (3),,,,
Group,Matchday ?,C,(Wed) 23 Oct 2013 (W42),SL Benfica › POR (3),1-1,0-1,Olympiacos › GRE (3),,,,
Group,Matchday ?,D,(Wed) 23 Oct 2013 (W42),CSKA Moskva › RUS (3),1-2,1-2,Manchester City FC › ENG (3),,,,
Group,Matchday ?,D,(Wed) 23 Oct 2013 (W42),Bayern München › GER (3),5-0,2-0,Viktoria Plzen › CZE (9),,,,
Group,Matchday ?,A,(Tue) 5 Nov 2013 (W44),Shakhtar Donetsk › UKR (4),0-0,0-0,Bayer 04 Leverkusen › GER (4),,,,
Group,Matchday ?,A,(Tue) 5 Nov 2013 (W44),Real Sociedad › ESP (6),0-0,0-0,Manchester United FC › ENG (4),,,,
Group,Matchday ?,B,(Tue) 5 Nov 2013 (W44),Juventus › ITA (4),2-2,1-0,Real Madrid CF › ESP (4),,,,
Group,Matchday ?,B,(Tue) 5 Nov 2013 (W44),Kobenhavn › DEN (4),1-0,1-0,Galatasaray İstanbul AŞ › TUR (4),,,,
Group,Matchday ?,C,(Tue) 5 Nov 2013 (W44),Paris Saint-Germain › FRA (4),1-1,0-0,RSC Anderlecht › BEL (4),,,,
Group,Matchday ?,C,(Tue) 5 Nov 2013 (W44),Olympiacos › GRE (4),1-0,1-0,SL Benfica › POR (4),,,,
Group,Matchday ?,D,(Tue) 5 Nov 2013 (W44),Viktoria Plzen › CZE (10),0-1,0-0,Bayern München › GER (4),,,,
Group,Matchday ?,D,(Tue) 5 Nov 2013 (W44),Manchester City FC › ENG (4),5-2,3-1,CSKA Moskva › RUS (4),,,,
Group,Matchday ?,E,(Wed) 6 Nov 2013 (W44),Chelsea FC › ENG (4),3-0,1-0,FC Schalke 04 › GER (6),,,,
Group,Matchday ?,E,(Wed) 6 Nov 2013 (W44),Basel › SUI (8),1-1,0-1,Steaua Bucuresti › ROU (10),,,,
Group,Matchday ?,F,(Wed) 6 Nov 2013 (W44),SSC Napoli › ITA (4),3-2,2-1,Olympique Marseille › FRA (4),,,,
Group,Matchday ?,F,(Wed) 6 Nov 2013 (W44),Borussia Dortmund › GER (4),0-1,0-0,Arsenal FC › ENG (6),,,,
Group,Matchday ?,G,(Wed) 6 Nov 2013 (W44),Atletico Madrid › ESP (4),4-0,3-0,Austria Wien › AUT (8),,,,
Group,Matchday ?,G,(Wed) 6 Nov 2013 (W44),Zenit St. Petersburg › RUS (8),1-1,1-1,FC Porto › POR (4),,,,
Group,Matchday ?,H,(Wed) 6 Nov 2013 (W44),FC Barcelona › ESP (4),3-1,2-1,AC Milan › ITA (6),,,,
Group,Matchday ?,H,(Wed) 6 Nov 2013 (W44),AFC Ajax › NED (4),1-0,0-0,Celtic FC › SCO (10),,,,
Group,Matchday ?,E,(Tue) 26 Nov 2013 (W47),Steaua Bucuresti › ROU (11),0-0,0-0,FC Schalke 04 › GER (7),,,,
Group,Matchday ?,E,(Tue) 26 Nov 2013 (W47),Basel › SUI (9),1-0,0-0,Chelsea FC › ENG (5),,,,
Group,Matchday ?,F,(Tue) 26 Nov 2013 (W47),Borussia Dortmund › GER (5),3-1,1-0,SSC Napoli › ITA (5),,,,
Group,Matchday ?,F,(Tue) 26 Nov 2013 (W47),Arsenal FC › ENG (7),2-0,1-0,Olympique Marseille › FRA (5),,,,
Group,Matchday ?,G,(Tue) 26 Nov 2013 (W47),FC Porto › POR (5),1-1,0-1,Austria Wien › AUT (9),,,,
Group,Matchday ?,G,(Tue) 26 Nov 2013 (W47),Zenit St. Petersburg › RUS (9),1-1,0-0,Atletico Madrid › ESP (5),,,,
Group,Matchday ?,H,(Tue) 26 Nov 2013 (W47),AFC Ajax › NED (5),2-1,2-0,FC Barcelona › ESP (5),,,,
Group,Matchday ?,H,(Tue) 26 Nov 2013 (W47),Celtic FC › SCO (11),0-3,0-1,AC Milan › ITA (7),,,,
Group,Matchday ?,A,(Wed) 27 Nov 2013 (W47),Bayer 04 Leverkusen › GER (5),0-5,0-2,Manchester United FC › ENG (5),,,,
Group,Matchday ?,A,(Wed) 27 Nov 2013 (W47),Shakhtar Donetsk › UKR (5),4-0,1-0,Real Sociedad › ESP (7),,,,
Group,Matchday ?,B,(Wed) 27 Nov 2013 (W47),Real Madrid CF › ESP (5),4-1,1-1,Galatasaray İstanbul AŞ › TUR (5),,,,
Group,Matchday ?,B,(Wed) 27 Nov 2013 (W47),Juventus › ITA (5),3-1,1-0,Kobenhavn › DEN (5),,,,
Group,Matchday ?,C,(Wed) 27 Nov 2013 (W47),Paris Saint-Germain › FRA (5),2-1,1-0,Olympiacos › GRE (5),,,,
Group,Matchday ?,C,(Wed) 27 Nov 2013 (W47),RSC Anderlecht › BEL (5),2-3,1-1,SL Benfica › POR (5),,,,
Group,Matchday ?,D,(Wed) 27 Nov 2013 (W47),Manchester City FC › ENG (5),4-2,1-1,Viktoria Plzen › CZE (11),,,,
Group,Matchday ?,D,(Wed) 27 Nov 2013 (W47),CSKA Moskva › RUS (5),1-3,0-1,Bayern München › GER (5),,,,
Group,Matchday ?,A,(Tue) 10 Dec 2013 (W49),Real Sociedad › ESP (8),0-1,0-0,Bayer 04 Leverkusen › GER (6),,,,
Group,Matchday ?,A,(Tue) 10 Dec 2013 (W49),Manchester United FC › ENG (6),1-0,0-0,Shakhtar Donetsk › UKR (6),,,,
Group,Matchday ?,B,(Tue) 10 Dec 2013 (W49),Kobenhavn › DEN (6),0-2,0-1,Real Madrid CF › ESP (6),,,,
Group,Matchday ?,C,(Tue) 10 Dec 2013 (W49),Olympiacos › GRE (6),3-1,1-1,RSC Anderlecht › BEL (6),,,,
Group,Matchday ?,C,(Tue) 10 Dec 2013 (W49),SL Benfica › POR (6),2-1,1-1,Paris Saint-Germain › FRA (6),,,,
Group,Matchday ?,D,(Tue) 10 Dec 2013 (W49),Viktoria Plzen › CZE (12),2-1,0-0,CSKA Moskva › RUS (6),,,,
Group,Matchday ?,D,(Tue) 10 Dec 2013 (W49),Bayern München › GER (6),2-3,2-1,Manchester City FC › ENG (6),,,,
Group,Matchday ?,B,(Wed) 11 Dec 2013 (W49),Galatasaray İstanbul AŞ › TUR (6),1-0,0-0,Juventus › ITA (6),,,,
Group,Matchday ?,E,(Wed) 11 Dec 2013 (W49),FC Schalke 04 › GER (8),2-0,0-0,Basel › SUI (10),,,,
Group,Matchday ?,E,(Wed) 11 Dec 2013 (W49),Chelsea FC › ENG (6),1-0,1-0,Steaua Bucuresti › ROU (12),,,,
Group,Matchday ?,F,(Wed) 11 Dec 2013 (W49),SSC Napoli › ITA (6),2-0,0-0,Arsenal FC › ENG (8),,,,
Group,Matchday ?,F,(Wed) 11 Dec 2013 (W49),Olympique Marseille › FRA (6),1-2,1-1,Borussia Dortmund › GER (6),,,,
Group,Matchday ?,G,(Wed) 11 Dec 2013 (W49),Austria Wien › AUT (10),4-1,1-1,Zenit St. Petersburg › RUS (10),,,,
Group,Matchday ?,G,(Wed) 11 Dec 2013 (W49),Atletico Madrid › ESP (6),2-0,2-0,FC Porto › POR (6),,,,
Group,Matchday ?,H,(Wed) 11 Dec 2013 (W49),AC Milan › ITA (8),0-0,0-0,AFC Ajax › NED (6),,,,
Group,Matchday ?,H,(Wed) 11 Dec 2013 (W49),FC Barcelona › ESP (6),6-1,3-0,Celtic FC › SCO (12),,,,
Knockout,Round of 16 | Leg 1,,(Tue) 18 Feb 2014 (W7),Manchester City FC › ENG (7),0-2,0-0,FC Barcelona › ESP (7),,,,
Knockout,Round of 16 | Leg 1,,(Tue) 18 Feb 2014 (W7),Bayer 04 Leverkusen › GER (7),0-4,0-3,Paris Saint-Germain › FRA (7),,,,
Knockout,Round of 16 | Leg 1,,(Wed) 19 Feb 2014 (W7),AC Milan › ITA (9),0-1,0-0,Atletico Madrid › ESP (7),,,,
Knockout,Round of 16 | Leg 1,,(Wed) 19 Feb 2014 (W7),Arsenal FC › ENG (9),0-2,0-0,Bayern München › GER (7),,,,
Knockout,Round of 16 | Leg 1,,(Tue) 25 Feb 2014 (W8),Zenit St. Petersburg › RUS (11),2-4,0-2,Borussia Dortmund › GER (7),,,,
Knockout,Round of 16 | Leg 1,,(Tue) 25 Feb 2014 (W8),Olympiacos › GRE (7),2-0,1-0,Manchester United FC › ENG (7),,,,
Knockout,Round of 16 | Leg 1,,(Wed) 26 Feb 2014 (W8),FC Schalke 04 › GER (9),1-6,0-2,Real Madrid CF › ESP (7),,,,
Knockout,Round of 16 | Leg 1,,(Wed) 26 Feb 2014 (W8),Galatasaray İstanbul AŞ › TUR (7),1-1,0-1,Chelsea FC › ENG (7),,,,
Knockout,Round of 16 | Leg 2,,(Tue) 11 Mar 2014 (W10),Atletico Madrid › ESP (8),4-1,2-1,AC Milan › ITA (10),5-1 (agg.),,,
Knockout,Round of 16 | Leg 2,,(Tue) 11 Mar 2014 (W10),Bayern München › GER (8),1-1,0-0,Arsenal FC › ENG (10),3-1 (agg.),,,
Knockout,Round of 16 | Leg 2,,(Wed) 12 Mar 2014 (W10),Paris Saint-Germain › FRA (8),2-1,1-1,Bayer 04 Leverkusen › GER (8),6-1 (agg.),,,
Knockout,Round of 16 | Leg 2,,(Wed) 12 Mar 2014 (W10),FC Barcelona › ESP (8),2-1,0-0,Manchester City FC › ENG (8),4-1 (agg.),,,
Knockout,Round of 16 | Leg 2,,(Tue) 18 Mar 2014 (W11),Chelsea FC › ENG (8),2-0,2-0,Galatasaray İstanbul AŞ › TUR (8),3-1 (agg.),,,
Knockout,Round of 16 | Leg 2,,(Tue) 18 Mar 2014 (W11),Real Madrid CF › ESP (8),3-1,1-1,FC Schalke 04 › GER (10),9-2 (agg.),,,
Knockout,Round of 16 | Leg 2,,(Wed) 19 Mar 2014 (W11),Borussia Dortmund › GER (8),1-2,1-1,Zenit St. Petersburg › RUS (12),5-4 (agg.),,,
Knockout,Round of 16 | Leg 2,,(Wed) 19 Mar 2014 (W11),Manchester United FC › ENG (8),3-0,2-0,Olympiacos › GRE (8),3-2 (agg.),,,
Knockout,Quarterfinals | Leg 1,,(Tue) 1 Apr 2014 (W13),Manchester United FC › ENG (9),1-1,0-0,Bayern München › GER (9),,,,
Knockout,Quarterfinals | Leg 1,,(Tue) 1 Apr 2014 (W13),FC Barcelona › ESP (9),1-1,0-0,Atletico Madrid › ESP (9),,,,
Knockout,Quarterfinals | Leg 1,,(Wed) 2 Apr 2014 (W13),Real Madrid CF › ESP (9),3-0,2-0,Borussia Dortmund › GER (9),,,,
Knockout,Quarterfinals | Leg 1,,(Wed) 2 Apr 2014 (W13),Paris Saint-Germain › FRA (9),3-1,1-1,Chelsea FC › ENG (9),,,,
Knockout,Quarterfinals | Leg 2,,(Tue) 8 Apr 2014 (W14),Chelsea FC › ENG (10),2-0,1-0,Paris Saint-Germain › FRA (10),3-3 (agg.),,,away goals
Knockout,Quarterfinals | Leg 2,,(Tue) 8 Apr 2014 (W14),Borussia Dortmund › GER (10),2-0,2-0,Real Madrid CF › ESP (10),2-3 (agg.),,,
Knockout,Quarterfinals | Leg 2,,(Wed) 9 Apr 2014 (W14),Atletico Madrid › ESP (10),1-0,1-0,FC Barcelona › ESP (10),2-1 (agg.),,,
Knockout,Quarterfinals | Leg 2,,(Wed) 9 Apr 2014 (W14),Bayern München › GER (10),3-1,0-0,Manchester United FC › ENG (10),4-2 (agg.),,,
Knockout,Semifinals | Leg 1,,(Tue) 22 Apr 2014 (W16),Atletico Madrid › ESP (11),0-0,0-0,Chelsea FC › ENG (11),,,,
Knockout,Semifinals | Leg 1,,(Wed) 23 Apr 2014 (W16),Real Madrid CF › ESP (11),1-0,1-0,Bayern München › GER (11),,,,
Knockout,Semifinals | Leg 2,,(Tue) 29 Apr 2014 (W17),Bayern München › GER (12),0-4,0-3,Real Madrid CF › ESP (12),0-5 (agg.),,,
Knockout,Semifinals | Leg 2,,(Wed) 30 Apr 2014 (W17),Chelsea FC › ENG (12),1-3,1-1,Atletico Madrid › ESP (12),1-3 (agg.),,,
Knockout,Final,,(Sat) 24 May 2014 (W20),Real Madrid CF › ESP (13),1-1 (*),0-0,Atletico Madrid › ESP (13),,4-1 (a.e.t.),,
