Stage,Round,Group,Date,Team 1,FT,HT,Team 2,∑FT,ET,P,Comments
Qualifying,Qual. Round 1 | Leg 1,,(Tue) 28 Jun 2011 (W26),FC Santa Coloma › AND (1),0-2,0-0,F91 Dudelange › LUX (1),,,,
Qualifying,Qual. Round 1 | Leg 1,,(Tue) 28 Jun 2011 (W26),Tre Fiori › SMR (1),0-3,0-0,Valletta › MLT (1),,,,
Qualifying,Qual. Round 1 | Leg 2,,(Tue) 5 Jul 2011 (W27),F91 Dudelange › LUX (2),2-0,0-0,FC Santa Coloma › AND (2),4-0 (agg.),,,
Qualifying,Qual. Round 1 | Leg 2,,(Wed) 6 Jul 2011 (W27),Valletta › MLT (2),2-1,0-0,Tre Fiori › SMR (2),5-1 (agg.),,,
Qualifying,Qual. Round 2 | Leg 1,,(Tue) 12 Jul 2011 (W28),Valletta › MLT (3),2-3,0-0,FK Ekranas › LTU (1),,,,
Qualifying,Qual. Round 2 | Leg 1,,(Tue) 12 Jul 2011 (W28),NK Maribor › SVN (1),2-0,0-0,F91 Dudelange › LUX (3),,,,
Qualifying,Qual. Round 2 | Leg 1,,(Tue) 12 Jul 2011 (W28),FK Mogren › MNE (1),1-2,0-0,PFC Litex Lovech › BUL (1),,,,
Qualifying,Qual. Round 2 | Leg 1,,(Tue) 12 Jul 2011 (W28),Shamrock Rovers › IRL (1),1-0,0-0,Flora Tallinn › EST (1),,,,
Qualifying,Qual. Round 2 | Leg 1,,(Tue) 12 Jul 2011 (W28),Pyunik › ARM (1),0-4,0-0,Viktoria Plzen › CZE (1),,,,
Qualifying,Qual. Round 2 | Leg 1,,(Tue) 12 Jul 2011 (W28),SK Slovan Bratislava › SVK (1),2-0,0-0,Tobol › KAZ (1),,,,
Qualifying,Qual. Round 2 | Leg 1,,(Wed) 13 Jul 2011 (W28),Skenderbeu Korce › ALB (1),0-2,0-0,APOEL Nikosia › CYP (1),,,,
Qualifying,Qual. Round 2 | Leg 1,,(Wed) 13 Jul 2011 (W28),Bangor City › NIR (1),0-3,0-0,HJK Helsinki › FIN (1),,,,
Qualifying,Qual. Round 2 | Leg 1,,(Wed) 13 Jul 2011 (W28),Linfield › NIR (1),1-1,0-0,BATE Borisov › BLR (1),,,,
Qualifying,Qual. Round 2 | Leg 1,,(Wed) 13 Jul 2011 (W28),Maccabi Haifa › ISR (1),5-1,0-0,Borac Banja Luka › BIH (1),,,,
Qualifying,Qual. Round 2 | Leg 1,,(Wed) 13 Jul 2011 (W28),Rosenborg BK › NOR (1),5-0,0-0,Breidablik › ISL (1),,,,
Qualifying,Qual. Round 2 | Leg 1,,(Wed) 13 Jul 2011 (W28),Zestafoni › GEO (1),3-0,0-0,Dacia Chisinau › MDA (1),,,,
Qualifying,Qual. Round 2 | Leg 1,,(Wed) 13 Jul 2011 (W28),Partizan Belgrade › SRB (1),4-0,0-0,Shkendija › MKD (1),,,,
Qualifying,Qual. Round 2 | Leg 1,,(Wed) 13 Jul 2011 (W28),Malmo FF › SWE (1),2-0,0-0,HB › FRO (1),,,,
Qualifying,Qual. Round 2 | Leg 1,,(Wed) 13 Jul 2011 (W28),Skonto › LVA (1),0-1,0-0,Wisla Krakow › POL (1),,,,
Qualifying,Qual. Round 2 | Leg 1,,(Wed) 13 Jul 2011 (W28),SK Sturm Graz › AUT (1),2-0,0-0,Videoton › HUN (1),,,,
Qualifying,Qual. Round 2 | Leg 1,,(Wed) 13 Jul 2011 (W28),Dinamo Zagreb › CRO (1),3-0,0-0,Neftchi PFC Baku › AZE (1),,,,
Qualifying,Qual. Round 2 | Leg 2,,(Tue) 19 Jul 2011 (W29),HJK Helsinki › FIN (2),10-0,0-0,Bangor City › NIR (2),13-0 (agg.),,,
Qualifying,Qual. Round 2 | Leg 2,,(Tue) 19 Jul 2011 (W29),BATE Borisov › BLR (2),2-0,0-0,Linfield › NIR (2),3-1 (agg.),,,
Qualifying,Qual. Round 2 | Leg 2,,(Tue) 19 Jul 2011 (W29),Neftchi PFC Baku › AZE (2),0-0,0-0,Dinamo Zagreb › CRO (2),0-3 (agg.),,,
Qualifying,Qual. Round 2 | Leg 2,,(Tue) 19 Jul 2011 (W29),F91 Dudelange › LUX (4),1-3,0-0,NK Maribor › SVN (2),1-5 (agg.),,,
Qualifying,Qual. Round 2 | Leg 2,,(Tue) 19 Jul 2011 (W29),FK Ekranas › LTU (2),1-0,0-0,Valletta › MLT (4),4-2 (agg.),,,
Qualifying,Qual. Round 2 | Leg 2,,(Tue) 19 Jul 2011 (W29),Shkendija › MKD (2),0-1,0-0,Partizan Belgrade › SRB (2),0-5 (agg.),,,
Qualifying,Qual. Round 2 | Leg 2,,(Tue) 19 Jul 2011 (W29),Flora Tallinn › EST (2),0-0,0-0,Shamrock Rovers › IRL (2),0-1 (agg.),,,
Qualifying,Qual. Round 2 | Leg 2,,(Tue) 19 Jul 2011 (W29),HB › FRO (2),1-1,0-0,Malmo FF › SWE (2),1-3 (agg.),,,
Qualifying,Qual. Round 2 | Leg 2,,(Tue) 19 Jul 2011 (W29),Viktoria Plzen › CZE (2),5-1,0-0,Pyunik › ARM (2),9-1 (agg.),,,
Qualifying,Qual. Round 2 | Leg 2,,(Tue) 19 Jul 2011 (W29),Tobol › KAZ (2),1-1,0-0,SK Slovan Bratislava › SVK (2),1-3 (agg.),,,
Qualifying,Qual. Round 2 | Leg 2,,(Tue) 19 Jul 2011 (W29),Wisla Krakow › POL (2),2-0,0-0,Skonto › LVA (2),3-0 (agg.),,,
Qualifying,Qual. Round 2 | Leg 2,,(Tue) 19 Jul 2011 (W29),PFC Litex Lovech › BUL (2),3-0,0-0,FK Mogren › MNE (2),5-1 (agg.),,,
Qualifying,Qual. Round 2 | Leg 2,,(Wed) 20 Jul 2011 (W29),APOEL Nikosia › CYP (2),4-0,0-0,Skenderbeu Korce › ALB (2),6-0 (agg.),,,
Qualifying,Qual. Round 2 | Leg 2,,(Wed) 20 Jul 2011 (W29),Borac Banja Luka › BIH (2),3-2,0-0,Maccabi Haifa › ISR (2),4-7 (agg.),,,
Qualifying,Qual. Round 2 | Leg 2,,(Wed) 20 Jul 2011 (W29),Breidablik › ISL (2),2-0,0-0,Rosenborg BK › NOR (2),2-5 (agg.),,,
Qualifying,Qual. Round 2 | Leg 2,,(Wed) 20 Jul 2011 (W29),Dacia Chisinau › MDA (2),2-0,0-0,Zestafoni › GEO (2),2-3 (agg.),,,
Qualifying,Qual. Round 2 | Leg 2,,(Wed) 20 Jul 2011 (W29),Videoton › HUN (2),3-2,0-0,SK Sturm Graz › AUT (2),3-4 (agg.),,,
Qualifying,Qual. Round 3 | Leg 1,,(Tue) 26 Jul 2011 (W30),FK Ekranas › LTU (3),0-0,0-0,BATE Borisov › BLR (3),,,,
Qualifying,Qual. Round 3 | Leg 1,,(Tue) 26 Jul 2011 (W30),APOEL Nikosia › CYP (3),0-0,0-0,SK Slovan Bratislava › SVK (3),,,,
Qualifying,Qual. Round 3 | Leg 1,,(Tue) 26 Jul 2011 (W30),Dinamo Kiev › UKR (1),0-2,0-0,Rubin Kazan › RUS (1),,,,
Qualifying,Qual. Round 3 | Leg 1,,(Tue) 26 Jul 2011 (W30),Rangers FC › SCO (1),0-1,0-0,Malmo FF › SWE (3),,,,
Qualifying,Qual. Round 3 | Leg 1,,(Tue) 26 Jul 2011 (W30),KRC Genk › BEL (1),2-1,0-0,Partizan Belgrade › SRB (3),,,,
Qualifying,Qual. Round 3 | Leg 1,,(Tue) 26 Jul 2011 (W30),Zestafoni › GEO (3),1-1,0-0,SK Sturm Graz › AUT (3),,,,
Qualifying,Qual. Round 3 | Leg 1,,(Tue) 26 Jul 2011 (W30),FC Twente › NED (1),2-0,0-0,Vaslui › ROU (1),,,,
Qualifying,Qual. Round 3 | Leg 1,,(Tue) 26 Jul 2011 (W30),PFC Litex Lovech › BUL (3),1-2,0-0,Wisla Krakow › POL (3),,,,
Qualifying,Qual. Round 3 | Leg 1,,(Wed) 27 Jul 2011 (W30),HJK Helsinki › FIN (3),1-2,0-0,Dinamo Zagreb › CRO (3),,,,
Qualifying,Qual. Round 3 | Leg 1,,(Wed) 27 Jul 2011 (W30),Standard Liege › BEL (1),1-1,0-0,FC Zurich › SUI (1),,,,
Qualifying,Qual. Round 3 | Leg 1,,(Wed) 27 Jul 2011 (W30),Kobenhavn › DEN (1),1-0,0-0,Shamrock Rovers › IRL (3),,,,
Qualifying,Qual. Round 3 | Leg 1,,(Wed) 27 Jul 2011 (W30),Maccabi Haifa › ISR (3),2-1,0-0,NK Maribor › SVN (3),,,,
Qualifying,Qual. Round 3 | Leg 1,,(Wed) 27 Jul 2011 (W30),Odense BK › DEN (1),1-1,0-0,Panathinaikos FC › GRE (1),,,,
Qualifying,Qual. Round 3 | Leg 1,,(Wed) 27 Jul 2011 (W30),Rosenborg BK › NOR (3),0-1,0-0,Viktoria Plzen › CZE (3),,,,
Qualifying,Qual. Round 3 | Leg 1,,(Wed) 27 Jul 2011 (W30),SL Benfica › POR (1),2-0,0-0,Trabzonspor AŞ › TUR (1),,,,
Qualifying,Qual. Round 3 | Leg 2,,(Tue) 2 Aug 2011 (W31),BATE Borisov › BLR (4),3-1,0-0,FK Ekranas › LTU (4),3-1 (agg.),,,
Qualifying,Qual. Round 3 | Leg 2,,(Tue) 2 Aug 2011 (W31),Shamrock Rovers › IRL (4),0-2,0-0,Kobenhavn › DEN (2),0-3 (agg.),,,
Qualifying,Qual. Round 3 | Leg 2,,(Tue) 2 Aug 2011 (W31),Panathinaikos FC › GRE (2),3-4,0-0,Odense BK › DEN (2),4-5 (agg.),,,
Qualifying,Qual. Round 3 | Leg 2,,(Wed) 3 Aug 2011 (W31),NK Maribor › SVN (4),1-1,0-0,Maccabi Haifa › ISR (4),2-3 (agg.),,,
Qualifying,Qual. Round 3 | Leg 2,,(Wed) 3 Aug 2011 (W31),Rubin Kazan › RUS (2),2-1,0-0,Dinamo Kiev › UKR (2),4-1 (agg.),,,
Qualifying,Qual. Round 3 | Leg 2,,(Wed) 3 Aug 2011 (W31),Dinamo Zagreb › CRO (4),1-0,0-0,HJK Helsinki › FIN (4),3-1 (agg.),,,
Qualifying,Qual. Round 3 | Leg 2,,(Wed) 3 Aug 2011 (W31),FC Zurich › SUI (2),1-0,0-0,Standard Liege › BEL (2),2-1 (agg.),,,
Qualifying,Qual. Round 3 | Leg 2,,(Wed) 3 Aug 2011 (W31),SK Slovan Bratislava › SVK (4),0-2,0-0,APOEL Nikosia › CYP (4),0-2 (agg.),,,
Qualifying,Qual. Round 3 | Leg 2,,(Wed) 3 Aug 2011 (W31),Malmo FF › SWE (4),1-1,0-0,Rangers FC › SCO (2),2-1 (agg.),,,
Qualifying,Qual. Round 3 | Leg 2,,(Wed) 3 Aug 2011 (W31),Wisla Krakow › POL (4),3-1,0-0,PFC Litex Lovech › BUL (4),5-2 (agg.),,,
Qualifying,Qual. Round 3 | Leg 2,,(Wed) 3 Aug 2011 (W31),Viktoria Plzen › CZE (4),3-2,0-0,Rosenborg BK › NOR (4),4-2 (agg.),,,
Qualifying,Qual. Round 3 | Leg 2,,(Wed) 3 Aug 2011 (W31),Trabzonspor AŞ › TUR (2),1-1,0-0,SL Benfica › POR (2),1-3 (agg.),,,
Qualifying,Qual. Round 3 | Leg 2,,(Wed) 3 Aug 2011 (W31),SK Sturm Graz › AUT (4),1-0,0-0,Zestafoni › GEO (4),2-1 (agg.),,,
Qualifying,Qual. Round 3 | Leg 2,,(Wed) 3 Aug 2011 (W31),Vaslui › ROU (2),0-0,0-0,FC Twente › NED (2),0-2 (agg.),,,
Qualifying,Qual. Round 3 | Leg 2,,(Wed) 3 Aug 2011 (W31),Partizan Belgrade › SRB (4),1-1,0-0,KRC Genk › BEL (2),2-3 (agg.),,,
Qualifying,Playoff Round | Leg 1,,(Tue) 16 Aug 2011 (W33),Arsenal FC › ENG (1),1-0,0-0,Udinese Calcio › ITA (1),,,,
Qualifying,Playoff Round | Leg 1,,(Tue) 16 Aug 2011 (W33),BATE Borisov › BLR (5),1-1,0-0,SK Sturm Graz › AUT (5),,,,
Qualifying,Playoff Round | Leg 1,,(Tue) 16 Aug 2011 (W33),Kobenhavn › DEN (3),1-3,0-0,Viktoria Plzen › CZE (5),,,,
Qualifying,Playoff Round | Leg 1,,(Tue) 16 Aug 2011 (W33),Olympique Lyon › FRA (1),3-1,0-0,Rubin Kazan › RUS (3),,,,
Qualifying,Playoff Round | Leg 1,,(Tue) 16 Aug 2011 (W33),FC Twente › NED (3),2-2,0-0,SL Benfica › POR (3),,,,
Qualifying,Playoff Round | Leg 1,,(Wed) 17 Aug 2011 (W33),Maccabi Haifa › ISR (5),2-1,0-0,KRC Genk › BEL (3),,,,
Qualifying,Playoff Round | Leg 1,,(Wed) 17 Aug 2011 (W33),Wisla Krakow › POL (5),1-0,0-0,APOEL Nikosia › CYP (5),,,,
Qualifying,Playoff Round | Leg 1,,(Wed) 17 Aug 2011 (W33),Odense BK › DEN (3),1-0,0-0,Villarreal CF › ESP (1),,,,
Qualifying,Playoff Round | Leg 1,,(Wed) 17 Aug 2011 (W33),Dinamo Zagreb › CRO (5),4-1,0-0,Malmo FF › SWE (5),,,,
Qualifying,Playoff Round | Leg 1,,(Wed) 17 Aug 2011 (W33),Bayern München › GER (1),2-0,0-0,FC Zurich › SUI (3),,,,
Qualifying,Playoff Round | Leg 2,,(Tue) 23 Aug 2011 (W34),KRC Genk › BEL (4),2-1 (*),0-0,Maccabi Haifa › ISR (6),3-3 (agg.),2-1 (a.e.t.),4-1 (pen.),
Qualifying,Playoff Round | Leg 2,,(Tue) 23 Aug 2011 (W34),Villarreal CF › ESP (2),3-0,0-0,Odense BK › DEN (4),3-1 (agg.),,,
Qualifying,Playoff Round | Leg 2,,(Tue) 23 Aug 2011 (W34),FC Zurich › SUI (4),0-1,0-0,Bayern München › GER (2),0-3 (agg.),,,
Qualifying,Playoff Round | Leg 2,,(Tue) 23 Aug 2011 (W34),Malmo FF › SWE (6),2-0,0-0,Dinamo Zagreb › CRO (6),3-4 (agg.),,,
Qualifying,Playoff Round | Leg 2,,(Tue) 23 Aug 2011 (W34),APOEL Nikosia › CYP (6),3-1,0-0,Wisla Krakow › POL (6),3-2 (agg.),,,
Qualifying,Playoff Round | Leg 2,,(Wed) 24 Aug 2011 (W34),Udinese Calcio › ITA (2),1-2,0-0,Arsenal FC › ENG (2),1-3 (agg.),,,
Qualifying,Playoff Round | Leg 2,,(Wed) 24 Aug 2011 (W34),SK Sturm Graz › AUT (6),0-2,0-0,BATE Borisov › BLR (6),1-3 (agg.),,,
Qualifying,Playoff Round | Leg 2,,(Wed) 24 Aug 2011 (W34),Viktoria Plzen › CZE (6),2-1,0-0,Kobenhavn › DEN (4),5-2 (agg.),,,
Qualifying,Playoff Round | Leg 2,,(Wed) 24 Aug 2011 (W34),SL Benfica › POR (4),3-1,0-0,FC Twente › NED (4),5-3 (agg.),,,
Qualifying,Playoff Round | Leg 2,,(Wed) 24 Aug 2011 (W34),Rubin Kazan › RUS (4),1-1,0-0,Olympique Lyon › FRA (2),2-4 (agg.),,,
Group,Matchday ?,E,(Tue) 13 Sep 2011 (W37),Chelsea FC › ENG (1),2-0,0-0,Bayer 04 Leverkusen › GER (1),,,,
Group,Matchday ?,E,(Tue) 13 Sep 2011 (W37),KRC Genk › BEL (5),0-0,0-0,Valencia CF › ESP (1),,,,
Group,Matchday ?,F,(Tue) 13 Sep 2011 (W37),Borussia Dortmund › GER (1),1-1,0-1,Arsenal FC › ENG (3),,,,
Group,Matchday ?,F,(Tue) 13 Sep 2011 (W37),Olympiacos › GRE (1),0-1,0-0,Olympique Marseille › FRA (1),,,,
Group,Matchday ?,G,(Tue) 13 Sep 2011 (W37),APOEL Nikosia › CYP (7),2-1,0-0,Zenit St. Petersburg › RUS (1),,,,
Group,Matchday ?,G,(Tue) 13 Sep 2011 (W37),FC Porto › POR (1),2-1,1-1,Shakhtar Donetsk › UKR (1),,,,
Group,Matchday ?,H,(Tue) 13 Sep 2011 (W37),Viktoria Plzen › CZE (7),1-1,1-0,BATE Borisov › BLR (7),,,,
Group,Matchday ?,H,(Tue) 13 Sep 2011 (W37),FC Barcelona › ESP (1),2-2,1-1,AC Milan › ITA (1),,,,
Group,Matchday ?,A,(Wed) 14 Sep 2011 (W37),Villarreal CF › ESP (3),0-2,0-1,Bayern München › GER (3),,,,
Group,Matchday ?,A,(Wed) 14 Sep 2011 (W37),Manchester City FC › ENG (1),1-1,0-0,SSC Napoli › ITA (1),,,,
Group,Matchday ?,B,(Wed) 14 Sep 2011 (W37),Internazionale › ITA (1),0-1,0-0,Trabzonspor AŞ › TUR (3),,,,
Group,Matchday ?,B,(Wed) 14 Sep 2011 (W37),Lille OSC › FRA (1),2-2,1-0,CSKA Moskva › RUS (1),,,,
Group,Matchday ?,C,(Wed) 14 Sep 2011 (W37),SL Benfica › POR (5),1-1,1-1,Manchester United FC › ENG (1),,,,
Group,Matchday ?,C,(Wed) 14 Sep 2011 (W37),Basel › SUI (1),2-1,1-0,Otelul Galati › ROU (1),,,,
Group,Matchday ?,D,(Wed) 14 Sep 2011 (W37),Dinamo Zagreb › CRO (7),0-1,0-0,Real Madrid CF › ESP (1),,,,
Group,Matchday ?,D,(Wed) 14 Sep 2011 (W37),AFC Ajax › NED (1),0-0,0-0,Olympique Lyon › FRA (3),,,,
Group,Matchday ?,A,(Tue) 27 Sep 2011 (W39),SSC Napoli › ITA (2),2-0,2-0,Villarreal CF › ESP (4),,,,
Group,Matchday ?,A,(Tue) 27 Sep 2011 (W39),Bayern München › GER (4),2-0,2-0,Manchester City FC › ENG (2),,,,
Group,Matchday ?,B,(Tue) 27 Sep 2011 (W39),Trabzonspor AŞ › TUR (4),1-1,0-1,Lille OSC › FRA (2),,,,
Group,Matchday ?,B,(Tue) 27 Sep 2011 (W39),CSKA Moskva › RUS (2),2-3,1-2,Internazionale › ITA (2),,,,
Group,Matchday ?,C,(Tue) 27 Sep 2011 (W39),Manchester United FC › ENG (2),3-3,2-0,Basel › SUI (2),,,,
Group,Matchday ?,C,(Tue) 27 Sep 2011 (W39),Otelul Galati › ROU (2),0-1,0-1,SL Benfica › POR (6),,,,
Group,Matchday ?,D,(Tue) 27 Sep 2011 (W39),Olympique Lyon › FRA (4),2-0,2-0,Dinamo Zagreb › CRO (8),,,,
Group,Matchday ?,D,(Tue) 27 Sep 2011 (W39),Real Madrid CF › ESP (2),3-0,2-0,AFC Ajax › NED (2),,,,
Group,Matchday ?,E,(Wed) 28 Sep 2011 (W39),Valencia CF › ESP (2),1-1,0-0,Chelsea FC › ENG (2),,,,
Group,Matchday ?,E,(Wed) 28 Sep 2011 (W39),Bayer 04 Leverkusen › GER (2),2-0,1-0,KRC Genk › BEL (6),,,,
Group,Matchday ?,F,(Wed) 28 Sep 2011 (W39),Arsenal FC › ENG (4),2-1,2-1,Olympiacos › GRE (2),,,,
Group,Matchday ?,F,(Wed) 28 Sep 2011 (W39),Olympique Marseille › FRA (2),3-0,1-0,Borussia Dortmund › GER (2),,,,
Group,Matchday ?,G,(Wed) 28 Sep 2011 (W39),Shakhtar Donetsk › UKR (2),1-1,0-0,APOEL Nikosia › CYP (8),,,,
Group,Matchday ?,G,(Wed) 28 Sep 2011 (W39),Zenit St. Petersburg › RUS (2),3-1,1-1,FC Porto › POR (2),,,,
Group,Matchday ?,H,(Wed) 28 Sep 2011 (W39),AC Milan › ITA (2),2-0,0-0,Viktoria Plzen › CZE (8),,,,
Group,Matchday ?,H,(Wed) 28 Sep 2011 (W39),BATE Borisov › BLR (8),0-5,0-3,FC Barcelona › ESP (2),,,,
Group,Matchday ?,A,(Tue) 18 Oct 2011 (W42),Manchester City FC › ENG (3),2-1,1-1,Villarreal CF › ESP (5),,,,
Group,Matchday ?,A,(Tue) 18 Oct 2011 (W42),SSC Napoli › ITA (3),1-1,1-1,Bayern München › GER (5),,,,
Group,Matchday ?,B,(Tue) 18 Oct 2011 (W42),CSKA Moskva › RUS (3),3-0,1-0,Trabzonspor AŞ › TUR (5),,,,
Group,Matchday ?,B,(Tue) 18 Oct 2011 (W42),Lille OSC › FRA (3),0-1,0-1,Internazionale › ITA (3),,,,
Group,Matchday ?,C,(Tue) 18 Oct 2011 (W42),Basel › SUI (3),0-2,0-1,SL Benfica › POR (7),,,,
Group,Matchday ?,C,(Tue) 18 Oct 2011 (W42),Otelul Galati › ROU (3),0-2,0-0,Manchester United FC › ENG (3),,,,
Group,Matchday ?,D,(Tue) 18 Oct 2011 (W42),Real Madrid CF › ESP (3),4-0,1-0,Olympique Lyon › FRA (5),,,,
Group,Matchday ?,D,(Tue) 18 Oct 2011 (W42),Dinamo Zagreb › CRO (9),0-2,0-0,AFC Ajax › NED (3),,,,
Group,Matchday ?,E,(Wed) 19 Oct 2011 (W42),Chelsea FC › ENG (3),5-0,4-0,KRC Genk › BEL (7),,,,
Group,Matchday ?,E,(Wed) 19 Oct 2011 (W42),Bayer 04 Leverkusen › GER (3),2-1,0-1,Valencia CF › ESP (3),,,,
Group,Matchday ?,F,(Wed) 19 Oct 2011 (W42),Olympique Marseille › FRA (3),0-1,0-0,Arsenal FC › ENG (5),,,,
Group,Matchday ?,F,(Wed) 19 Oct 2011 (W42),Olympiacos › GRE (3),3-1,2-1,Borussia Dortmund › GER (3),,,,
Group,Matchday ?,G,(Wed) 19 Oct 2011 (W42),FC Porto › POR (3),1-1,1-1,APOEL Nikosia › CYP (9),,,,
Group,Matchday ?,G,(Wed) 19 Oct 2011 (W42),Shakhtar Donetsk › UKR (3),2-2,2-1,Zenit St. Petersburg › RUS (3),,,,
Group,Matchday ?,H,(Wed) 19 Oct 2011 (W42),AC Milan › ITA (3),2-0,1-0,BATE Borisov › BLR (9),,,,
Group,Matchday ?,H,(Wed) 19 Oct 2011 (W42),FC Barcelona › ESP (3),2-0,1-0,Viktoria Plzen › CZE (9),,,,
Group,Matchday ?,E,(Tue) 1 Nov 2011 (W44),Valencia CF › ESP (4),3-1,1-1,Bayer 04 Leverkusen › GER (4),,,,
Group,Matchday ?,E,(Tue) 1 Nov 2011 (W44),KRC Genk › BEL (8),1-1,0-1,Chelsea FC › ENG (4),,,,
Group,Matchday ?,F,(Tue) 1 Nov 2011 (W44),Arsenal FC › ENG (6),0-0,0-0,Olympique Marseille › FRA (4),,,,
Group,Matchday ?,F,(Tue) 1 Nov 2011 (W44),Borussia Dortmund › GER (4),1-0,1-0,Olympiacos › GRE (4),,,,
Group,Matchday ?,G,(Tue) 1 Nov 2011 (W44),APOEL Nikosia › CYP (10),2-1,1-0,FC Porto › POR (4),,,,
Group,Matchday ?,G,(Tue) 1 Nov 2011 (W44),Zenit St. Petersburg › RUS (4),1-0,1-0,Shakhtar Donetsk › UKR (4),,,,
Group,Matchday ?,H,(Tue) 1 Nov 2011 (W44),BATE Borisov › BLR (10),1-1,0-1,AC Milan › ITA (4),,,,
Group,Matchday ?,H,(Tue) 1 Nov 2011 (W44),Viktoria Plzen › CZE (10),0-4,0-2,FC Barcelona › ESP (4),,,,
Group,Matchday ?,A,(Wed) 2 Nov 2011 (W44),Villarreal CF › ESP (6),0-3,0-2,Manchester City FC › ENG (4),,,,
Group,Matchday ?,A,(Wed) 2 Nov 2011 (W44),Bayern München › GER (6),3-2,3-1,SSC Napoli › ITA (4),,,,
Group,Matchday ?,B,(Wed) 2 Nov 2011 (W44),Internazionale › ITA (4),2-1,1-0,Lille OSC › FRA (4),,,,
Group,Matchday ?,B,(Wed) 2 Nov 2011 (W44),Trabzonspor AŞ › TUR (6),0-0,0-0,CSKA Moskva › RUS (4),,,,
Group,Matchday ?,C,(Wed) 2 Nov 2011 (W44),SL Benfica › POR (8),1-1,1-0,Basel › SUI (4),,,,
Group,Matchday ?,C,(Wed) 2 Nov 2011 (W44),Manchester United FC › ENG (4),2-0,1-0,Otelul Galati › ROU (4),,,,
Group,Matchday ?,D,(Wed) 2 Nov 2011 (W44),AFC Ajax › NED (4),4-0,2-0,Dinamo Zagreb › CRO (10),,,,
Group,Matchday ?,D,(Wed) 2 Nov 2011 (W44),Olympique Lyon › FRA (6),0-2,0-1,Real Madrid CF › ESP (4),,,,
Group,Matchday ?,A,(Tue) 22 Nov 2011 (W47),SSC Napoli › ITA (5),2-1,1-1,Manchester City FC › ENG (5),,,,
Group,Matchday ?,A,(Tue) 22 Nov 2011 (W47),Bayern München › GER (7),3-1,2-0,Villarreal CF › ESP (7),,,,
Group,Matchday ?,B,(Tue) 22 Nov 2011 (W47),Trabzonspor AŞ › TUR (7),1-1,1-1,Internazionale › ITA (5),,,,
Group,Matchday ?,B,(Tue) 22 Nov 2011 (W47),CSKA Moskva › RUS (5),0-2,0-0,Lille OSC › FRA (5),,,,
Group,Matchday ?,C,(Tue) 22 Nov 2011 (W47),Otelul Galati › ROU (5),2-3,0-3,Basel › SUI (5),,,,
Group,Matchday ?,C,(Tue) 22 Nov 2011 (W47),Manchester United FC › ENG (5),2-2,1-1,SL Benfica › POR (9),,,,
Group,Matchday ?,D,(Tue) 22 Nov 2011 (W47),Real Madrid CF › ESP (5),6-2,4-0,Dinamo Zagreb › CRO (11),,,,
Group,Matchday ?,D,(Tue) 22 Nov 2011 (W47),Olympique Lyon › FRA (7),0-0,0-0,AFC Ajax › NED (5),,,,
Group,Matchday ?,E,(Wed) 23 Nov 2011 (W47),Bayer 04 Leverkusen › GER (5),2-1,0-0,Chelsea FC › ENG (5),,,,
Group,Matchday ?,E,(Wed) 23 Nov 2011 (W47),Valencia CF › ESP (5),7-0,4-0,KRC Genk › BEL (9),,,,
Group,Matchday ?,F,(Wed) 23 Nov 2011 (W47),Arsenal FC › ENG (7),2-1,0-0,Borussia Dortmund › GER (5),,,,
Group,Matchday ?,F,(Wed) 23 Nov 2011 (W47),Olympique Marseille › FRA (5),0-1,0-0,Olympiacos › GRE (5),,,,
Group,Matchday ?,G,(Wed) 23 Nov 2011 (W47),Zenit St. Petersburg › RUS (5),0-0,0-0,APOEL Nikosia › CYP (11),,,,
Group,Matchday ?,G,(Wed) 23 Nov 2011 (W47),Shakhtar Donetsk › UKR (5),0-2,0-0,FC Porto › POR (5),,,,
Group,Matchday ?,H,(Wed) 23 Nov 2011 (W47),AC Milan › ITA (5),2-3,1-2,FC Barcelona › ESP (5),,,,
Group,Matchday ?,H,(Wed) 23 Nov 2011 (W47),BATE Borisov › BLR (11),0-1,0-1,Viktoria Plzen › CZE (11),,,,
Group,Matchday ?,E,(Tue) 6 Dec 2011 (W49),KRC Genk › BEL (10),1-1,1-0,Bayer 04 Leverkusen › GER (6),,,,
Group,Matchday ?,E,(Tue) 6 Dec 2011 (W49),Chelsea FC › ENG (6),3-0,2-0,Valencia CF › ESP (6),,,,
Group,Matchday ?,F,(Tue) 6 Dec 2011 (W49),Olympiacos › GRE (6),3-1,2-0,Arsenal FC › ENG (8),,,,
Group,Matchday ?,F,(Tue) 6 Dec 2011 (W49),Borussia Dortmund › GER (6),2-3,2-1,Olympique Marseille › FRA (6),,,,
Group,Matchday ?,G,(Tue) 6 Dec 2011 (W49),FC Porto › POR (6),0-0,0-0,Zenit St. Petersburg › RUS (6),,,,
Group,Matchday ?,G,(Tue) 6 Dec 2011 (W49),APOEL Nikosia › CYP (12),0-2,0-0,Shakhtar Donetsk › UKR (6),,,,
Group,Matchday ?,H,(Tue) 6 Dec 2011 (W49),Viktoria Plzen › CZE (12),2-2,0-0,AC Milan › ITA (6),,,,
Group,Matchday ?,H,(Tue) 6 Dec 2011 (W49),FC Barcelona › ESP (6),4-0,1-0,BATE Borisov › BLR (12),,,,
Group,Matchday ?,A,(Wed) 7 Dec 2011 (W49),Villarreal CF › ESP (8),0-2,0-0,SSC Napoli › ITA (6),,,,
Group,Matchday ?,A,(Wed) 7 Dec 2011 (W49),Manchester City FC › ENG (6),2-0,1-0,Bayern München › GER (8),,,,
Group,Matchday ?,B,(Wed) 7 Dec 2011 (W49),Internazionale › ITA (6),1-2,0-0,CSKA Moskva › RUS (6),,,,
Group,Matchday ?,B,(Wed) 7 Dec 2011 (W49),Lille OSC › FRA (6),0-0,0-0,Trabzonspor AŞ › TUR (8),,,,
Group,Matchday ?,C,(Wed) 7 Dec 2011 (W49),Basel › SUI (6),2-1,1-0,Manchester United FC › ENG (6),,,,
Group,Matchday ?,C,(Wed) 7 Dec 2011 (W49),SL Benfica › POR (10),1-0,1-0,Otelul Galati › ROU (6),,,,
Group,Matchday ?,D,(Wed) 7 Dec 2011 (W49),AFC Ajax › NED (6),0-3,0-2,Real Madrid CF › ESP (6),,,,
Group,Matchday ?,D,(Wed) 7 Dec 2011 (W49),Dinamo Zagreb › CRO (12),1-7,1-1,Olympique Lyon › FRA (8),,,,
Knockout,Round of 16 | Leg 1,,(Tue) 14 Feb 2012 (W7),Olympique Lyon › FRA (9),1-0,0-0,APOEL Nikosia › CYP (13),,,,
Knockout,Round of 16 | Leg 1,,(Tue) 14 Feb 2012 (W7),Bayer 04 Leverkusen › GER (7),1-3,0-1,FC Barcelona › ESP (7),,,,
Knockout,Round of 16 | Leg 1,,(Wed) 15 Feb 2012 (W7),AC Milan › ITA (7),4-0,2-0,Arsenal FC › ENG (9),,,,
Knockout,Round of 16 | Leg 1,,(Wed) 15 Feb 2012 (W7),Zenit St. Petersburg › RUS (7),3-2,1-1,SL Benfica › POR (11),,,,
Knockout,Round of 16 | Leg 1,,(Tue) 21 Feb 2012 (W8),SSC Napoli › ITA (7),3-1,2-1,Chelsea FC › ENG (7),,,,
Knockout,Round of 16 | Leg 1,,(Tue) 21 Feb 2012 (W8),CSKA Moskva › RUS (7),1-1,0-1,Real Madrid CF › ESP (7),,,,
Knockout,Round of 16 | Leg 1,,(Wed) 22 Feb 2012 (W8),Olympique Marseille › FRA (7),1-0,0-0,Internazionale › ITA (7),,,,
Knockout,Round of 16 | Leg 1,,(Wed) 22 Feb 2012 (W8),Basel › SUI (7),1-0,0-0,Bayern München › GER (9),,,,
Knockout,Round of 16 | Leg 2,,(Tue) 6 Mar 2012 (W10),SL Benfica › POR (12),2-0,1-0,Zenit St. Petersburg › RUS (8),4-3 (agg.),,,
Knockout,Round of 16 | Leg 2,,(Tue) 6 Mar 2012 (W10),Arsenal FC › ENG (10),3-0,3-0,AC Milan › ITA (8),3-4 (agg.),,,
Knockout,Round of 16 | Leg 2,,(Wed) 7 Mar 2012 (W10),APOEL Nikosia › CYP (14),1-0 (*),1-0,Olympique Lyon › FRA (10),1-1 (agg.),1-0 (a.e.t.),4-3 (pen.),
Knockout,Round of 16 | Leg 2,,(Wed) 7 Mar 2012 (W10),FC Barcelona › ESP (8),7-1,2-0,Bayer 04 Leverkusen › GER (8),10-2 (agg.),,,
Knockout,Round of 16 | Leg 2,,(Tue) 13 Mar 2012 (W11),Bayern München › GER (10),7-0,3-0,Basel › SUI (8),7-1 (agg.),,,
Knockout,Round of 16 | Leg 2,,(Tue) 13 Mar 2012 (W11),Internazionale › ITA (8),2-1,0-0,Olympique Marseille › FRA (8),(a) 2-2 (agg.),,,Away Goals (2)
Knockout,Round of 16 | Leg 2,,(Wed) 14 Mar 2012 (W11),Chelsea FC › ENG (8),3-1 (*),1-0,SSC Napoli › ITA (8),4-4 (agg.),4-1 (a.e.t.),,
Knockout,Round of 16 | Leg 2,,(Wed) 14 Mar 2012 (W11),Real Madrid CF › ESP (8),4-1,1-0,CSKA Moskva › RUS (8),5-2 (agg.),,,
Knockout,Quarterfinals | Leg 1,,(Tue) 27 Mar 2012 (W13),APOEL Nikosia › CYP (15),0-3,0-0,Real Madrid CF › ESP (9),,,,
Knockout,Quarterfinals | Leg 1,,(Tue) 27 Mar 2012 (W13),SL Benfica › POR (13),0-1,0-0,Chelsea FC › ENG (9),,,,
Knockout,Quarterfinals | Leg 1,,(Wed) 28 Mar 2012 (W13),AC Milan › ITA (9),0-0,0-0,FC Barcelona › ESP (9),,,,
Knockout,Quarterfinals | Leg 1,,(Wed) 28 Mar 2012 (W13),Olympique Marseille › FRA (9),0-2,0-1,Bayern München › GER (11),,,,
Knockout,Quarterfinals | Leg 2,,(Tue) 3 Apr 2012 (W14),FC Barcelona › ESP (10),3-1,2-1,AC Milan › ITA (10),3-1 (agg.),,,
Knockout,Quarterfinals | Leg 2,,(Tue) 3 Apr 2012 (W14),Bayern München › GER (12),2-0,2-0,Olympique Marseille › FRA (10),4-0 (agg.),,,
Knockout,Quarterfinals | Leg 2,,(Wed) 4 Apr 2012 (W14),Chelsea FC › ENG (10),2-1,1-0,SL Benfica › POR (14),3-1 (agg.),,,
Knockout,Quarterfinals | Leg 2,,(Wed) 4 Apr 2012 (W14),Real Madrid CF › ESP (10),5-2,2-0,APOEL Nikosia › CYP (16),8-2 (agg.),,,
Knockout,Semifinals | Leg 1,,(Tue) 17 Apr 2012 (W16),Bayern München › GER (13),2-1,1-0,Real Madrid CF › ESP (11),,,,
Knockout,Semifinals | Leg 1,,(Wed) 18 Apr 2012 (W16),Chelsea FC › ENG (11),1-0,1-0,FC Barcelona › ESP (11),,,,
Knockout,Semifinals | Leg 2,,(Tue) 24 Apr 2012 (W17),FC Barcelona › ESP (12),2-2,2-1,Chelsea FC › ENG (12),2-3 (agg.),,,
Knockout,Semifinals | Leg 2,,(Wed) 25 Apr 2012 (W17),Real Madrid CF › ESP (12),2-1 (*),2-1,Bayern München › GER (14),3-3 (agg.),2-1 (a.e.t.),1-3 (pen.),
Knockout,Final,,(Sat) 19 May 2012 (W20),Chelsea FC › ENG (13),1-1 (*),0-0,Bayern München › GER (15),,1-1 (a.e.t.),4-3 (pen.),
