Stage,Round,Group,Date,Team 1,FT,HT,Team 2,∑FT,ET,P,Comments
Qualifying,Qual. Round 1 | Leg 1,,(Tue) 13 Jul 1999 (W28),IB Vestmannaeyja › ISL (1),1-0,0-0,KF Tirana › ALB (1),,,,
Qualifying,Qual. Round 1 | Leg 1,,(Wed) 14 Jul 1999 (W28),Sloga Jugomagnat Skopje › MKD (1),1-0,0-0,Kapaz › AZE (1),,,,
Qualifying,Qual. Round 1 | Leg 1,,(Wed) 14 Jul 1999 (W28),Zalgiris Vilnius › LTU (1),2-0,0-0,Araks Ararat › ARM (1),,,,
Qualifying,Qual. Round 1 | Leg 1,,(Wed) 14 Jul 1999 (W28),Barry Town › WAL (1),0-0,0-0,Valletta › MLT (1),,,,
Qualifying,Qual. Round 1 | Leg 1,,(Wed) 14 Jul 1999 (W28),PFC Litex Lovech › BUL (1),3-0,0-0,Glentoran › NIR (1),,,,
Qualifying,Qual. Round 1 | Leg 1,,(Wed) 14 Jul 1999 (W28),HB › FRO (1),1-1,0-0,Haka Valkeakoski › FIN (1),,,,
Qualifying,Qual. Round 1 | Leg 1,,(Wed) 14 Jul 1999 (W28),Jeunesse Esch › LUX (1),0-2,0-0,Skonto › LVA (1),,,,
Qualifying,Qual. Round 1 | Leg 1,,(Wed) 14 Jul 1999 (W28),St Patrick's Athletic › IRL (1),0-5,0-0,Zimbru Chisinau › MDA (1),,,,
Qualifying,Qual. Round 1 | Leg 1,,(Wed) 14 Jul 1999 (W28),Partizan Belgrade › SRB (1),6-0,0-0,Flora Tallinn › EST (1),,,,
Qualifying,Qual. Round 1 | Leg 2,,(Wed) 21 Jul 1999 (W29),Kapaz › AZE (2),2-1,0-0,Sloga Jugomagnat Skopje › MKD (2),2-2 (agg.),,,away goals
Qualifying,Qual. Round 1 | Leg 2,,(Wed) 21 Jul 1999 (W29),Araks Ararat › ARM (2),0-3,0-0,Zalgiris Vilnius › LTU (2),0-5 (agg.),,,
Qualifying,Qual. Round 1 | Leg 2,,(Wed) 21 Jul 1999 (W29),Valletta › MLT (2),3-2,0-0,Barry Town › WAL (2),3-2 (agg.),,,
Qualifying,Qual. Round 1 | Leg 2,,(Wed) 21 Jul 1999 (W29),Glentoran › NIR (2),0-2,0-0,PFC Litex Lovech › BUL (2),0-5 (agg.),,,
Qualifying,Qual. Round 1 | Leg 2,,(Wed) 21 Jul 1999 (W29),Haka Valkeakoski › FIN (2),6-0,0-0,HB › FRO (2),7-1 (agg.),,,
Qualifying,Qual. Round 1 | Leg 2,,(Wed) 21 Jul 1999 (W29),KF Tirana › ALB (2),1-2,0-0,IB Vestmannaeyja › ISL (2),1-3 (agg.),,,
Qualifying,Qual. Round 1 | Leg 2,,(Wed) 21 Jul 1999 (W29),Flora Tallinn › EST (2),1-4,0-0,Partizan Belgrade › SRB (2),1-10 (agg.),,,
Qualifying,Qual. Round 1 | Leg 2,,(Wed) 21 Jul 1999 (W29),Zimbru Chisinau › MDA (2),5-0,0-0,St Patrick's Athletic › IRL (2),10-0 (agg.),,,
Qualifying,Qual. Round 1 | Leg 2,,(Wed) 21 Jul 1999 (W29),Skonto › LVA (2),8-0,0-0,Jeunesse Esch › LUX (2),10-0 (agg.),,,
Qualifying,Qual. Round 2 | Leg 1,,(Wed) 28 Jul 1999 (W30),PFC Litex Lovech › BUL (3),4-1,0-0,Widzew Lodz › POL (1),,,,
Qualifying,Qual. Round 2 | Leg 1,,(Wed) 28 Jul 1999 (W30),Beşiktaş İstanbul JK › TUR (1),1-1,0-0,Hapoel Haifa › ISR (1),,,,
Qualifying,Qual. Round 2 | Leg 1,,(Wed) 28 Jul 1999 (W30),Dnepr Mogilev › BLR (1),0-1,0-0,AIK Solna › SWE (1),,,,
Qualifying,Qual. Round 2 | Leg 1,,(Wed) 28 Jul 1999 (W30),Anorthosis Famagusta › CYP (1),2-1,0-0,SK Slovan Bratislava › SVK (1),,,,
Qualifying,Qual. Round 2 | Leg 1,,(Wed) 28 Jul 1999 (W30),Sloga Jugomagnat Skopje › MKD (3),0-1,0-0,Brondby IF › DEN (1),,,,
Qualifying,Qual. Round 2 | Leg 1,,(Wed) 28 Jul 1999 (W30),CSKA Moskva › RUS (1),2-0,0-0,Molde FK › NOR (1),,,,
Qualifying,Qual. Round 2 | Leg 1,,(Wed) 28 Jul 1999 (W30),Dinamo Kiev › UKR (1),2-0,0-0,Zalgiris Vilnius › LTU (3),,,,
Qualifying,Qual. Round 2 | Leg 1,,(Wed) 28 Jul 1999 (W30),Dinamo Tbilisi › GEO (1),2-1,0-0,Zimbru Chisinau › MDA (3),,,,
Qualifying,Qual. Round 2 | Leg 1,,(Wed) 28 Jul 1999 (W30),Haka Valkeakoski › FIN (3),1-4,0-0,Rangers FC › SCO (1),,,,
Qualifying,Qual. Round 2 | Leg 1,,(Wed) 28 Jul 1999 (W30),IB Vestmannaeyja › ISL (3),0-2,0-0,MTK › HUN (1),,,,
Qualifying,Qual. Round 2 | Leg 1,,(Wed) 28 Jul 1999 (W30),NK Maribor › SVN (1),5-1,0-0,KRC Genk › BEL (1),,,,
Qualifying,Qual. Round 2 | Leg 1,,(Wed) 28 Jul 1999 (W30),Rapid Bucuresti › ROU (1),3-3,0-0,Skonto › LVA (3),,,,
Qualifying,Qual. Round 2 | Leg 1,,(Wed) 28 Jul 1999 (W30),Partizan Belgrade › SRB (3),3-1,0-0,HNK Rijeka › CRO (1),,,,
Qualifying,Qual. Round 2 | Leg 1,,(Wed) 28 Jul 1999 (W30),Rapid Wien › AUT (1),3-0,0-0,Valletta › MLT (3),,,,
Qualifying,Qual. Round 2 | Leg 2,,(Wed) 4 Aug 1999 (W31),Widzew Lodz › POL (2),4-1 (*),0-0,PFC Litex Lovech › BUL (4),5-5 (agg.),4-1 (a.e.t.),3-2 (pen.),
Qualifying,Qual. Round 2 | Leg 2,,(Wed) 4 Aug 1999 (W31),Hapoel Haifa › ISR (2),0-0,0-0,Beşiktaş İstanbul JK › TUR (2),1-1 (agg.),,,away goals
Qualifying,Qual. Round 2 | Leg 2,,(Wed) 4 Aug 1999 (W31),AIK Solna › SWE (2),2-0,0-0,Dnepr Mogilev › BLR (2),3-0 (agg.),,,
Qualifying,Qual. Round 2 | Leg 2,,(Wed) 4 Aug 1999 (W31),SK Slovan Bratislava › SVK (2),1-1,0-0,Anorthosis Famagusta › CYP (2),2-3 (agg.),,,
Qualifying,Qual. Round 2 | Leg 2,,(Wed) 4 Aug 1999 (W31),Brondby IF › DEN (2),1-0,0-0,Sloga Jugomagnat Skopje › MKD (4),2-0 (agg.),,,
Qualifying,Qual. Round 2 | Leg 2,,(Wed) 4 Aug 1999 (W31),Molde FK › NOR (2),4-0,0-0,CSKA Moskva › RUS (2),4-2 (agg.),,,
Qualifying,Qual. Round 2 | Leg 2,,(Wed) 4 Aug 1999 (W31),Zalgiris Vilnius › LTU (4),0-1,0-0,Dinamo Kiev › UKR (2),0-3 (agg.),,,
Qualifying,Qual. Round 2 | Leg 2,,(Wed) 4 Aug 1999 (W31),Zimbru Chisinau › MDA (4),2-0,0-0,Dinamo Tbilisi › GEO (2),3-2 (agg.),,,
Qualifying,Qual. Round 2 | Leg 2,,(Wed) 4 Aug 1999 (W31),Rangers FC › SCO (2),3-0,0-0,Haka Valkeakoski › FIN (4),7-1 (agg.),,,
Qualifying,Qual. Round 2 | Leg 2,,(Wed) 4 Aug 1999 (W31),MTK › HUN (2),3-1,0-0,IB Vestmannaeyja › ISL (4),5-1 (agg.),,,
Qualifying,Qual. Round 2 | Leg 2,,(Wed) 4 Aug 1999 (W31),KRC Genk › BEL (2),3-0,0-0,NK Maribor › SVN (2),4-5 (agg.),,,
Qualifying,Qual. Round 2 | Leg 2,,(Wed) 4 Aug 1999 (W31),Skonto › LVA (4),2-1,0-0,Rapid Bucuresti › ROU (2),5-4 (agg.),,,
Qualifying,Qual. Round 2 | Leg 2,,(Wed) 4 Aug 1999 (W31),Valletta › MLT (4),0-2,0-0,Rapid Wien › AUT (2),0-5 (agg.),,,
Qualifying,Qual. Round 2 | Leg 2,,(Wed) 4 Aug 1999 (W31),HNK Rijeka › CRO (2),0-3,0-0,Partizan Belgrade › SRB (4),1-6 (agg.),,,
Qualifying,Qual. Round 3 | Leg 1,,(Tue) 10 Aug 1999 (W32),Olympique Lyon › FRA (1),0-1,0-0,NK Maribor › SVN (3),,,,
Qualifying,Qual. Round 3 | Leg 1,,(Wed) 11 Aug 1999 (W32),Molde FK › NOR (3),0-0,0-0,RCD Mallorca › ESP (1),,,,
Qualifying,Qual. Round 3 | Leg 1,,(Wed) 11 Aug 1999 (W32),Aalborg BK › DEN (1),1-2,0-0,Dinamo Kiev › UKR (3),,,,
Qualifying,Qual. Round 3 | Leg 1,,(Wed) 11 Aug 1999 (W32),ACF Fiorentina › ITA (1),3-1,0-0,Widzew Lodz › POL (3),,,,
Qualifying,Qual. Round 3 | Leg 1,,(Wed) 11 Aug 1999 (W32),AEK Athens › GRE (1),0-0,0-0,AIK Solna › SWE (3),,,,
Qualifying,Qual. Round 3 | Leg 1,,(Wed) 11 Aug 1999 (W32),Hertha BSC › GER (1),2-0,0-0,Anorthosis Famagusta › CYP (3),,,,
Qualifying,Qual. Round 3 | Leg 1,,(Wed) 11 Aug 1999 (W32),Brondby IF › DEN (3),1-2,0-0,Boavista FC › POR (1),,,,
Qualifying,Qual. Round 3 | Leg 1,,(Wed) 11 Aug 1999 (W32),Teplice › CZE (1),0-1,0-0,Borussia Dortmund › GER (1),,,,
Qualifying,Qual. Round 3 | Leg 1,,(Wed) 11 Aug 1999 (W32),Chelsea FC › ENG (1),3-0,0-0,Skonto › LVA (5),,,,
Qualifying,Qual. Round 3 | Leg 1,,(Wed) 11 Aug 1999 (W32),Dinamo Zagreb › CRO (1),0-0,0-0,MTK › HUN (3),,,,
Qualifying,Qual. Round 3 | Leg 1,,(Wed) 11 Aug 1999 (W32),Rapid Wien › AUT (3),0-3,0-0,Galatasaray İstanbul AŞ › TUR (1),,,,
Qualifying,Qual. Round 3 | Leg 1,,(Wed) 11 Aug 1999 (W32),Spartak Moskva › RUS (1),2-0,0-0,Partizan Belgrade › SRB (5),,,,
Qualifying,Qual. Round 3 | Leg 1,,(Wed) 11 Aug 1999 (W32),Rangers FC › SCO (3),2-0,0-0,Parma › ITA (1),,,,
Qualifying,Qual. Round 3 | Leg 1,,(Wed) 11 Aug 1999 (W32),Zimbru Chisinau › MDA (5),0-0,0-0,PSV Eindhoven › NED (1),,,,
Qualifying,Qual. Round 3 | Leg 1,,(Wed) 11 Aug 1999 (W32),SK Sturm Graz › AUT (1),2-1,0-0,Servette Geneve › SUI (1),,,,
Qualifying,Qual. Round 3 | Leg 1,,(Wed) 11 Aug 1999 (W32),Hapoel Haifa › ISR (3),0-2,0-0,Valencia CF › ESP (1),,,,
Qualifying,Qual. Round 3 | Leg 2,,(Wed) 25 Aug 1999 (W34),RCD Mallorca › ESP (2),1-1,0-0,Molde FK › NOR (4),1-1 (agg.),,,away goals
Qualifying,Qual. Round 3 | Leg 2,,(Wed) 25 Aug 1999 (W34),Dinamo Kiev › UKR (4),2-2,0-0,Aalborg BK › DEN (2),4-3 (agg.),,,
Qualifying,Qual. Round 3 | Leg 2,,(Wed) 25 Aug 1999 (W34),Widzew Lodz › POL (4),0-2,0-0,ACF Fiorentina › ITA (2),1-5 (agg.),,,
Qualifying,Qual. Round 3 | Leg 2,,(Wed) 25 Aug 1999 (W34),AIK Solna › SWE (4),1-0,0-0,AEK Athens › GRE (2),1-0 (agg.),,,
Qualifying,Qual. Round 3 | Leg 2,,(Wed) 25 Aug 1999 (W34),Anorthosis Famagusta › CYP (4),0-0,0-0,Hertha BSC › GER (2),0-2 (agg.),,,
Qualifying,Qual. Round 3 | Leg 2,,(Wed) 25 Aug 1999 (W34),Boavista FC › POR (2),2-1 (*),0-0,Brondby IF › DEN (4),4-2 (agg.),4-2 (a.e.t.),,
Qualifying,Qual. Round 3 | Leg 2,,(Wed) 25 Aug 1999 (W34),Borussia Dortmund › GER (2),1-0,0-0,Teplice › CZE (2),2-0 (agg.),,,
Qualifying,Qual. Round 3 | Leg 2,,(Wed) 25 Aug 1999 (W34),Skonto › LVA (6),0-0,0-0,Chelsea FC › ENG (2),0-3 (agg.),,,
Qualifying,Qual. Round 3 | Leg 2,,(Wed) 25 Aug 1999 (W34),MTK › HUN (4),0-2,0-0,Dinamo Zagreb › CRO (2),0-2 (agg.),,,
Qualifying,Qual. Round 3 | Leg 2,,(Wed) 25 Aug 1999 (W34),Galatasaray İstanbul AŞ › TUR (2),1-0,0-0,Rapid Wien › AUT (4),4-0 (agg.),,,
Qualifying,Qual. Round 3 | Leg 2,,(Wed) 25 Aug 1999 (W34),Valencia CF › ESP (2),2-0,0-0,Hapoel Haifa › ISR (4),4-0 (agg.),,,
Qualifying,Qual. Round 3 | Leg 2,,(Wed) 25 Aug 1999 (W34),NK Maribor › SVN (4),2-0,0-0,Olympique Lyon › FRA (2),3-0 (agg.),,,
Qualifying,Qual. Round 3 | Leg 2,,(Wed) 25 Aug 1999 (W34),Partizan Belgrade › SRB (6),1-3,0-0,Spartak Moskva › RUS (2),1-5 (agg.),,,
Qualifying,Qual. Round 3 | Leg 2,,(Wed) 25 Aug 1999 (W34),PSV Eindhoven › NED (2),2-0,0-0,Zimbru Chisinau › MDA (6),2-0 (agg.),,,
Qualifying,Qual. Round 3 | Leg 2,,(Wed) 25 Aug 1999 (W34),Servette Geneve › SUI (2),2-2,0-0,SK Sturm Graz › AUT (2),3-4 (agg.),,,
Qualifying,Qual. Round 3 | Leg 2,,(Wed) 25 Aug 1999 (W34),Parma › ITA (2),1-0,0-0,Rangers FC › SCO (4),1-2 (agg.),,,
Group 1st,Matchday ?,1|A,(Tue) 14 Sep 1999 (W37),Dinamo Kiev › UKR (5),0-1,0-0,NK Maribor › SVN (5),,,,
Group 1st,Matchday ?,1|A,(Tue) 14 Sep 1999 (W37),Bayer 04 Leverkusen › GER (1),1-1,1-1,SS Lazio › ITA (1),,,,
Group 1st,Matchday ?,1|B,(Tue) 14 Sep 1999 (W37),AIK Solna › SWE (5),1-2,0-0,FC Barcelona › ESP (1),,,,
Group 1st,Matchday ?,1|B,(Tue) 14 Sep 1999 (W37),ACF Fiorentina › ITA (3),0-0,0-0,Arsenal FC › ENG (1),,,,
Group 1st,Matchday ?,1|C,(Tue) 14 Sep 1999 (W37),Boavista FC › POR (3),0-3,0-2,Rosenborg BK › NOR (1),,,,
Group 1st,Matchday ?,1|C,(Tue) 14 Sep 1999 (W37),Feyenoord Rotterdam › NED (1),1-1,0-0,Borussia Dortmund › GER (3),,,,
Group 1st,Matchday ?,1|D,(Tue) 14 Sep 1999 (W37),Manchester United FC › ENG (1),0-0,0-0,Dinamo Zagreb › CRO (3),,,,
Group 1st,Matchday ?,1|D,(Tue) 14 Sep 1999 (W37),Olympique Marseille › FRA (1),2-0,2-0,SK Sturm Graz › AUT (3),,,,
Group 1st,Matchday ?,1|E,(Wed) 15 Sep 1999 (W37),Olympiacos › GRE (1),3-3,1-2,Real Madrid CF › ESP (1),,,,
Group 1st,Matchday ?,1|E,(Wed) 15 Sep 1999 (W37),Molde FK › NOR (5),0-1,0-0,FC Porto › POR (1),,,,
Group 1st,Matchday ?,1|F,(Wed) 15 Sep 1999 (W37),Bayern München › GER (1),2-1,1-0,PSV Eindhoven › NED (3),,,,
Group 1st,Matchday ?,1|F,(Wed) 15 Sep 1999 (W37),Valencia CF › ESP (3),2-0,0-0,Rangers FC › SCO (5),,,,
Group 1st,Matchday ?,1|G,(Wed) 15 Sep 1999 (W37),Sparta Praha › CZE (1),0-0,0-0,Girondins Bordeaux › FRA (1),,,,
Group 1st,Matchday ?,1|G,(Wed) 15 Sep 1999 (W37),Willem II Tilburg › NED (1),1-3,0-2,Spartak Moskva › RUS (3),,,,
Group 1st,Matchday ?,1|H,(Wed) 15 Sep 1999 (W37),Chelsea FC › ENG (3),0-0,0-0,AC Milan › ITA (1),,,,
Group 1st,Matchday ?,1|H,(Wed) 15 Sep 1999 (W37),Galatasaray İstanbul AŞ › TUR (3),2-2,1-2,Hertha BSC › GER (3),,,,
Group 1st,Matchday ?,1|E,(Tue) 21 Sep 1999 (W38),FC Porto › POR (2),2-0,1-0,Olympiacos › GRE (2),,,,
Group 1st,Matchday ?,1|E,(Tue) 21 Sep 1999 (W38),Real Madrid CF › ESP (2),4-1,1-0,Molde FK › NOR (6),,,,
Group 1st,Matchday ?,1|F,(Tue) 21 Sep 1999 (W38),PSV Eindhoven › NED (4),1-1,0-1,Valencia CF › ESP (4),,,,
Group 1st,Matchday ?,1|F,(Tue) 21 Sep 1999 (W38),Rangers FC › SCO (6),1-1,1-0,Bayern München › GER (2),,,,
Group 1st,Matchday ?,1|G,(Tue) 21 Sep 1999 (W38),Girondins Bordeaux › FRA (2),3-2,2-1,Willem II Tilburg › NED (2),,,,
Group 1st,Matchday ?,1|G,(Tue) 21 Sep 1999 (W38),Spartak Moskva › RUS (4),1-1,0-1,Sparta Praha › CZE (2),,,,
Group 1st,Matchday ?,1|H,(Tue) 21 Sep 1999 (W38),Hertha BSC › GER (4),2-1,1-0,Chelsea FC › ENG (4),,,,
Group 1st,Matchday ?,1|H,(Tue) 21 Sep 1999 (W38),AC Milan › ITA (2),2-1,2-0,Galatasaray İstanbul AŞ › TUR (4),,,,
Group 1st,Matchday ?,1|A,(Wed) 22 Sep 1999 (W38),SS Lazio › ITA (2),2-1,0-0,Dinamo Kiev › UKR (6),,,,
Group 1st,Matchday ?,1|A,(Wed) 22 Sep 1999 (W38),NK Maribor › SVN (6),0-2,0-0,Bayer 04 Leverkusen › GER (2),,,,
Group 1st,Matchday ?,1|B,(Wed) 22 Sep 1999 (W38),Arsenal FC › ENG (2),3-1,1-0,AIK Solna › SWE (6),,,,
Group 1st,Matchday ?,1|B,(Wed) 22 Sep 1999 (W38),FC Barcelona › ESP (2),4-2,2-0,ACF Fiorentina › ITA (4),,,,
Group 1st,Matchday ?,1|C,(Wed) 22 Sep 1999 (W38),Borussia Dortmund › GER (4),3-1,1-1,Boavista FC › POR (4),,,,
Group 1st,Matchday ?,1|C,(Wed) 22 Sep 1999 (W38),Rosenborg BK › NOR (2),2-2,2-2,Feyenoord Rotterdam › NED (2),,,,
Group 1st,Matchday ?,1|D,(Wed) 22 Sep 1999 (W38),SK Sturm Graz › AUT (4),0-3,0-3,Manchester United FC › ENG (2),,,,
Group 1st,Matchday ?,1|D,(Wed) 22 Sep 1999 (W38),Dinamo Zagreb › CRO (4),1-2,0-1,Olympique Marseille › FRA (2),,,,
Group 1st,Matchday ?,1|E,(Tue) 28 Sep 1999 (W39),Olympiacos › GRE (3),3-1,1-0,Molde FK › NOR (7),,,,
Group 1st,Matchday ?,1|E,(Tue) 28 Sep 1999 (W39),Real Madrid CF › ESP (3),3-1,2-1,FC Porto › POR (3),,,,
Group 1st,Matchday ?,1|F,(Tue) 28 Sep 1999 (W39),Bayern München › GER (3),1-1,1-0,Valencia CF › ESP (5),,,,
Group 1st,Matchday ?,1|F,(Tue) 28 Sep 1999 (W39),PSV Eindhoven › NED (5),0-1,0-0,Rangers FC › SCO (7),,,,
Group 1st,Matchday ?,1|G,(Tue) 28 Sep 1999 (W39),Girondins Bordeaux › FRA (3),2-1,1-0,Spartak Moskva › RUS (5),,,,
Group 1st,Matchday ?,1|G,(Tue) 28 Sep 1999 (W39),Sparta Praha › CZE (3),4-0,3-0,Willem II Tilburg › NED (3),,,,
Group 1st,Matchday ?,1|H,(Tue) 28 Sep 1999 (W39),Chelsea FC › ENG (5),1-0,0-0,Galatasaray İstanbul AŞ › TUR (5),,,,
Group 1st,Matchday ?,1|H,(Tue) 28 Sep 1999 (W39),AC Milan › ITA (3),1-1,0-0,Hertha BSC › GER (5),,,,
Group 1st,Matchday ?,1|A,(Wed) 29 Sep 1999 (W39),SS Lazio › ITA (3),4-0,0-0,NK Maribor › SVN (7),,,,
Group 1st,Matchday ?,1|A,(Wed) 29 Sep 1999 (W39),Bayer 04 Leverkusen › GER (3),1-1,0-0,Dinamo Kiev › UKR (7),,,,
Group 1st,Matchday ?,1|B,(Wed) 29 Sep 1999 (W39),AIK Solna › SWE (7),0-0,0-0,ACF Fiorentina › ITA (5),,,,
Group 1st,Matchday ?,1|B,(Wed) 29 Sep 1999 (W39),FC Barcelona › ESP (3),1-1,1-0,Arsenal FC › ENG (3),,,,
Group 1st,Matchday ?,1|C,(Wed) 29 Sep 1999 (W39),Rosenborg BK › NOR (3),2-2,1-2,Borussia Dortmund › GER (5),,,,
Group 1st,Matchday ?,1|C,(Wed) 29 Sep 1999 (W39),Boavista FC › POR (5),1-1,0-0,Feyenoord Rotterdam › NED (3),,,,
Group 1st,Matchday ?,1|D,(Wed) 29 Sep 1999 (W39),Dinamo Zagreb › CRO (5),3-0,2-0,SK Sturm Graz › AUT (5),,,,
Group 1st,Matchday ?,1|D,(Wed) 29 Sep 1999 (W39),Manchester United FC › ENG (3),2-1,0-1,Olympique Marseille › FRA (3),,,,
Group 1st,Matchday ?,1|A,(Tue) 19 Oct 1999 (W42),Dinamo Kiev › UKR (8),4-2,2-1,Bayer 04 Leverkusen › GER (4),,,,
Group 1st,Matchday ?,1|A,(Tue) 19 Oct 1999 (W42),NK Maribor › SVN (8),0-4,0-1,SS Lazio › ITA (4),,,,
Group 1st,Matchday ?,1|B,(Tue) 19 Oct 1999 (W42),Arsenal FC › ENG (4),2-4,1-2,FC Barcelona › ESP (4),,,,
Group 1st,Matchday ?,1|B,(Tue) 19 Oct 1999 (W42),ACF Fiorentina › ITA (6),3-0,2-0,AIK Solna › SWE (8),,,,
Group 1st,Matchday ?,1|C,(Tue) 19 Oct 1999 (W42),Feyenoord Rotterdam › NED (4),1-1,0-0,Boavista FC › POR (6),,,,
Group 1st,Matchday ?,1|C,(Tue) 19 Oct 1999 (W42),Borussia Dortmund › GER (6),0-3,0-1,Rosenborg BK › NOR (4),,,,
Group 1st,Matchday ?,1|D,(Tue) 19 Oct 1999 (W42),SK Sturm Graz › AUT (6),1-0,1-0,Dinamo Zagreb › CRO (6),,,,
Group 1st,Matchday ?,1|D,(Tue) 19 Oct 1999 (W42),Olympique Marseille › FRA (4),1-0,0-0,Manchester United FC › ENG (4),,,,
Group 1st,Matchday ?,1|E,(Wed) 20 Oct 1999 (W42),Molde FK › NOR (8),3-2,0-2,Olympiacos › GRE (4),,,,
Group 1st,Matchday ?,1|E,(Wed) 20 Oct 1999 (W42),FC Porto › POR (4),2-1,2-0,Real Madrid CF › ESP (4),,,,
Group 1st,Matchday ?,1|F,(Wed) 20 Oct 1999 (W42),Valencia CF › ESP (6),1-1,1-1,Bayern München › GER (4),,,,
Group 1st,Matchday ?,1|F,(Wed) 20 Oct 1999 (W42),Rangers FC › SCO (8),4-1,2-1,PSV Eindhoven › NED (6),,,,
Group 1st,Matchday ?,1|G,(Wed) 20 Oct 1999 (W42),Willem II Tilburg › NED (4),3-4,2-1,Sparta Praha › CZE (4),,,,
Group 1st,Matchday ?,1|G,(Wed) 20 Oct 1999 (W42),Spartak Moskva › RUS (6),1-2,0-1,Girondins Bordeaux › FRA (4),,,,
Group 1st,Matchday ?,1|H,(Wed) 20 Oct 1999 (W42),Galatasaray İstanbul AŞ › TUR (6),0-5,0-1,Chelsea FC › ENG (6),,,,
Group 1st,Matchday ?,1|H,(Wed) 20 Oct 1999 (W42),Hertha BSC › GER (6),1-0,1-0,AC Milan › ITA (4),,,,
Group 1st,Matchday ?,1|E,(Tue) 26 Oct 1999 (W43),Real Madrid CF › ESP (5),3-0,1-0,Olympiacos › GRE (5),,,,
Group 1st,Matchday ?,1|E,(Tue) 26 Oct 1999 (W43),FC Porto › POR (5),3-1,2-0,Molde FK › NOR (9),,,,
Group 1st,Matchday ?,1|F,(Tue) 26 Oct 1999 (W43),PSV Eindhoven › NED (7),2-1,1-0,Bayern München › GER (5),,,,
Group 1st,Matchday ?,1|F,(Tue) 26 Oct 1999 (W43),Rangers FC › SCO (9),1-2,0-2,Valencia CF › ESP (7),,,,
Group 1st,Matchday ?,1|G,(Tue) 26 Oct 1999 (W43),Spartak Moskva › RUS (7),1-1,1-0,Willem II Tilburg › NED (5),,,,
Group 1st,Matchday ?,1|G,(Tue) 26 Oct 1999 (W43),Girondins Bordeaux › FRA (5),0-0,0-0,Sparta Praha › CZE (5),,,,
Group 1st,Matchday ?,1|H,(Tue) 26 Oct 1999 (W43),AC Milan › ITA (5),1-1,0-0,Chelsea FC › ENG (7),,,,
Group 1st,Matchday ?,1|H,(Tue) 26 Oct 1999 (W43),Hertha BSC › GER (7),1-4,1-0,Galatasaray İstanbul AŞ › TUR (7),,,,
Group 1st,Matchday ?,1|A,(Wed) 27 Oct 1999 (W43),NK Maribor › SVN (9),1-2,0-1,Dinamo Kiev › UKR (9),,,,
Group 1st,Matchday ?,1|A,(Wed) 27 Oct 1999 (W43),SS Lazio › ITA (5),1-1,1-1,Bayer 04 Leverkusen › GER (5),,,,
Group 1st,Matchday ?,1|B,(Wed) 27 Oct 1999 (W43),FC Barcelona › ESP (5),5-0,3-0,AIK Solna › SWE (9),,,,
Group 1st,Matchday ?,1|B,(Wed) 27 Oct 1999 (W43),Arsenal FC › ENG (5),0-1,0-0,ACF Fiorentina › ITA (7),,,,
Group 1st,Matchday ?,1|C,(Wed) 27 Oct 1999 (W43),Rosenborg BK › NOR (5),2-0,0-0,Boavista FC › POR (7),,,,
Group 1st,Matchday ?,1|C,(Wed) 27 Oct 1999 (W43),Borussia Dortmund › GER (7),1-1,1-0,Feyenoord Rotterdam › NED (5),,,,
Group 1st,Matchday ?,1|D,(Wed) 27 Oct 1999 (W43),Dinamo Zagreb › CRO (7),1-2,0-1,Manchester United FC › ENG (5),,,,
Group 1st,Matchday ?,1|D,(Wed) 27 Oct 1999 (W43),SK Sturm Graz › AUT (7),3-2,1-0,Olympique Marseille › FRA (5),,,,
Group 1st,Matchday ?,1|A,(Tue) 2 Nov 1999 (W44),Bayer 04 Leverkusen › GER (6),0-0,0-0,NK Maribor › SVN (10),,,,
Group 1st,Matchday ?,1|A,(Tue) 2 Nov 1999 (W44),Dinamo Kiev › UKR (10),0-1,0-1,SS Lazio › ITA (6),,,,
Group 1st,Matchday ?,1|B,(Tue) 2 Nov 1999 (W44),AIK Solna › SWE (10),2-3,1-1,Arsenal FC › ENG (6),,,,
Group 1st,Matchday ?,1|B,(Tue) 2 Nov 1999 (W44),ACF Fiorentina › ITA (8),3-3,1-2,FC Barcelona › ESP (6),,,,
Group 1st,Matchday ?,1|C,(Tue) 2 Nov 1999 (W44),Boavista FC › POR (8),1-0,1-0,Borussia Dortmund › GER (8),,,,
Group 1st,Matchday ?,1|C,(Tue) 2 Nov 1999 (W44),Feyenoord Rotterdam › NED (6),1-0,0-0,Rosenborg BK › NOR (6),,,,
Group 1st,Matchday ?,1|D,(Tue) 2 Nov 1999 (W44),Olympique Marseille › FRA (6),2-2,0-1,Dinamo Zagreb › CRO (8),,,,
Group 1st,Matchday ?,1|D,(Tue) 2 Nov 1999 (W44),Manchester United FC › ENG (6),2-1,0-0,SK Sturm Graz › AUT (8),,,,
Group 1st,Matchday ?,1|E,(Wed) 3 Nov 1999 (W44),Olympiacos › GRE (6),1-0,0-0,FC Porto › POR (6),,,,
Group 1st,Matchday ?,1|E,(Wed) 3 Nov 1999 (W44),Molde FK › NOR (10),0-1,0-1,Real Madrid CF › ESP (6),,,,
Group 1st,Matchday ?,1|F,(Wed) 3 Nov 1999 (W44),Valencia CF › ESP (8),1-0,0-0,PSV Eindhoven › NED (8),,,,
Group 1st,Matchday ?,1|F,(Wed) 3 Nov 1999 (W44),Bayern München › GER (6),1-0,1-0,Rangers FC › SCO (10),,,,
Group 1st,Matchday ?,1|G,(Wed) 3 Nov 1999 (W44),Willem II Tilburg › NED (6),0-0,0-0,Girondins Bordeaux › FRA (6),,,,
Group 1st,Matchday ?,1|G,(Wed) 3 Nov 1999 (W44),Sparta Praha › CZE (6),5-2,2-2,Spartak Moskva › RUS (8),,,,
Group 1st,Matchday ?,1|H,(Wed) 3 Nov 1999 (W44),Chelsea FC › ENG (8),2-0,2-0,Hertha BSC › GER (8),,,,
Group 1st,Matchday ?,1|H,(Wed) 3 Nov 1999 (W44),Galatasaray İstanbul AŞ › TUR (8),3-2,1-1,AC Milan › ITA (6),,,,
Group 2nd,Matchday ?,2|A,(Tue) 23 Nov 1999 (W47),Sparta Praha › CZE (7),0-2,0-0,FC Porto › POR (7),,,,
Group 2nd,Matchday ?,2|A,(Tue) 23 Nov 1999 (W47),Hertha BSC › GER (9),1-1,1-1,FC Barcelona › ESP (7),,,,
Group 2nd,Matchday ?,2|B,(Tue) 23 Nov 1999 (W47),ACF Fiorentina › ITA (9),2-0,1-0,Manchester United FC › ENG (7),,,,
Group 2nd,Matchday ?,2|B,(Tue) 23 Nov 1999 (W47),Valencia CF › ESP (9),3-0,0-0,Girondins Bordeaux › FRA (7),,,,
Group 2nd,Matchday ?,2|C,(Wed) 24 Nov 1999 (W47),Rosenborg BK › NOR (7),1-1,0-1,Bayern München › GER (7),,,,
Group 2nd,Matchday ?,2|C,(Wed) 24 Nov 1999 (W47),Dinamo Kiev › UKR (11),1-2,0-1,Real Madrid CF › ESP (7),,,,
Group 2nd,Matchday ?,2|D,(Wed) 24 Nov 1999 (W47),Chelsea FC › ENG (9),3-1,1-0,Feyenoord Rotterdam › NED (7),,,,
Group 2nd,Matchday ?,2|D,(Wed) 24 Nov 1999 (W47),Olympique Marseille › FRA (7),0-2,0-0,SS Lazio › ITA (7),,,,
Group 2nd,Matchday ?,2|C,(Tue) 7 Dec 1999 (W49),Real Madrid CF › ESP (8),3-1,1-0,Rosenborg BK › NOR (8),,,,
Group 2nd,Matchday ?,2|C,(Tue) 7 Dec 1999 (W49),Bayern München › GER (8),2-1,1-0,Dinamo Kiev › UKR (12),,,,
Group 2nd,Matchday ?,2|D,(Tue) 7 Dec 1999 (W49),Feyenoord Rotterdam › NED (8),3-0,0-0,Olympique Marseille › FRA (8),,,,
Group 2nd,Matchday ?,2|D,(Tue) 7 Dec 1999 (W49),SS Lazio › ITA (8),0-0,0-0,Chelsea FC › ENG (10),,,,
Group 2nd,Matchday ?,2|A,(Wed) 8 Dec 1999 (W49),FC Porto › POR (8),1-0,0-0,Hertha BSC › GER (10),,,,
Group 2nd,Matchday ?,2|A,(Wed) 8 Dec 1999 (W49),FC Barcelona › ESP (8),5-0,2-0,Sparta Praha › CZE (8),,,,
Group 2nd,Matchday ?,2|B,(Wed) 8 Dec 1999 (W49),Girondins Bordeaux › FRA (8),0-0,0-0,ACF Fiorentina › ITA (10),,,,
Group 2nd,Matchday ?,2|B,(Wed) 8 Dec 1999 (W49),Manchester United FC › ENG (8),3-0,1-0,Valencia CF › ESP (10),,,,
Group 2nd,Matchday ?,2|C,(Tue) 29 Feb 2000 (W9),Dinamo Kiev › UKR (13),2-1,2-0,Rosenborg BK › NOR (9),,,,
Group 2nd,Matchday ?,2|C,(Tue) 29 Feb 2000 (W9),Real Madrid CF › ESP (9),2-4,1-3,Bayern München › GER (9),,,,
Group 2nd,Matchday ?,2|D,(Tue) 29 Feb 2000 (W9),Olympique Marseille › FRA (9),1-0,1-0,Chelsea FC › ENG (11),,,,
Group 2nd,Matchday ?,2|D,(Tue) 29 Feb 2000 (W9),SS Lazio › ITA (9),1-2,1-0,Feyenoord Rotterdam › NED (9),,,,
Group 2nd,Matchday ?,2|A,(Wed) 1 Mar 2000 (W9),FC Barcelona › ESP (9),4-2,3-1,FC Porto › POR (9),,,,
Group 2nd,Matchday ?,2|A,(Wed) 1 Mar 2000 (W9),Hertha BSC › GER (11),1-1,1-0,Sparta Praha › CZE (9),,,,
Group 2nd,Matchday ?,2|B,(Wed) 1 Mar 2000 (W9),ACF Fiorentina › ITA (11),1-0,1-0,Valencia CF › ESP (11),,,,
Group 2nd,Matchday ?,2|B,(Wed) 1 Mar 2000 (W9),Manchester United FC › ENG (9),2-0,1-0,Girondins Bordeaux › FRA (9),,,,
Group 2nd,Matchday ?,2|A,(Tue) 7 Mar 2000 (W10),Sparta Praha › CZE (10),1-0,0-0,Hertha BSC › GER (12),,,,
Group 2nd,Matchday ?,2|A,(Tue) 7 Mar 2000 (W10),FC Porto › POR (10),0-2,0-1,FC Barcelona › ESP (10),,,,
Group 2nd,Matchday ?,2|B,(Tue) 7 Mar 2000 (W10),Girondins Bordeaux › FRA (10),1-2,1-1,Manchester United FC › ENG (10),,,,
Group 2nd,Matchday ?,2|B,(Tue) 7 Mar 2000 (W10),Valencia CF › ESP (12),2-0,1-0,ACF Fiorentina › ITA (12),,,,
Group 2nd,Matchday ?,2|C,(Wed) 8 Mar 2000 (W10),Bayern München › GER (10),4-1,2-0,Real Madrid CF › ESP (10),,,,
Group 2nd,Matchday ?,2|C,(Wed) 8 Mar 2000 (W10),Rosenborg BK › NOR (10),1-2,1-1,Dinamo Kiev › UKR (14),,,,
Group 2nd,Matchday ?,2|D,(Wed) 8 Mar 2000 (W10),Chelsea FC › ENG (12),1-0,1-0,Olympique Marseille › FRA (10),,,,
Group 2nd,Matchday ?,2|D,(Wed) 8 Mar 2000 (W10),Feyenoord Rotterdam › NED (10),0-0,0-0,SS Lazio › ITA (10),,,,
Group 2nd,Matchday ?,2|C,(Tue) 14 Mar 2000 (W11),Bayern München › GER (11),2-1,2-0,Rosenborg BK › NOR (11),,,,
Group 2nd,Matchday ?,2|C,(Tue) 14 Mar 2000 (W11),Real Madrid CF › ESP (11),2-2,1-1,Dinamo Kiev › UKR (15),,,,
Group 2nd,Matchday ?,2|D,(Tue) 14 Mar 2000 (W11),Feyenoord Rotterdam › NED (11),1-3,0-1,Chelsea FC › ENG (13),,,,
Group 2nd,Matchday ?,2|D,(Tue) 14 Mar 2000 (W11),SS Lazio › ITA (11),5-1,3-0,Olympique Marseille › FRA (11),,,,
Group 2nd,Matchday ?,2|A,(Wed) 15 Mar 2000 (W11),FC Porto › POR (11),2-2,1-0,Sparta Praha › CZE (11),,,,
Group 2nd,Matchday ?,2|A,(Wed) 15 Mar 2000 (W11),FC Barcelona › ESP (11),3-1,1-1,Hertha BSC › GER (13),,,,
Group 2nd,Matchday ?,2|B,(Wed) 15 Mar 2000 (W11),Manchester United FC › ENG (11),3-1,2-1,ACF Fiorentina › ITA (13),,,,
Group 2nd,Matchday ?,2|B,(Wed) 15 Mar 2000 (W11),Girondins Bordeaux › FRA (11),1-4,0-1,Valencia CF › ESP (13),,,,
Group 2nd,Matchday ?,2|A,(Tue) 21 Mar 2000 (W12),Hertha BSC › GER (14),0-1,0-0,FC Porto › POR (12),,,,
Group 2nd,Matchday ?,2|A,(Tue) 21 Mar 2000 (W12),Sparta Praha › CZE (12),1-2,1-0,FC Barcelona › ESP (12),,,,
Group 2nd,Matchday ?,2|B,(Tue) 21 Mar 2000 (W12),ACF Fiorentina › ITA (14),3-3,0-1,Girondins Bordeaux › FRA (12),,,,
Group 2nd,Matchday ?,2|B,(Tue) 21 Mar 2000 (W12),Valencia CF › ESP (14),0-0,0-0,Manchester United FC › ENG (12),,,,
Group 2nd,Matchday ?,2|C,(Wed) 22 Mar 2000 (W12),Dinamo Kiev › UKR (16),2-0,1-0,Bayern München › GER (12),,,,
Group 2nd,Matchday ?,2|C,(Wed) 22 Mar 2000 (W12),Rosenborg BK › NOR (12),0-1,0-1,Real Madrid CF › ESP (12),,,,
Group 2nd,Matchday ?,2|D,(Wed) 22 Mar 2000 (W12),Chelsea FC › ENG (14),1-2,1-0,SS Lazio › ITA (12),,,,
Group 2nd,Matchday ?,2|D,(Wed) 22 Mar 2000 (W12),Olympique Marseille › FRA (12),0-0,0-0,Feyenoord Rotterdam › NED (12),,,,
Knockout,Quarterfinals | Leg 1,,(Tue) 4 Apr 2000 (W14),FC Porto › POR (13),1-1,0-0,Bayern München › GER (13),,,,
Knockout,Quarterfinals | Leg 1,,(Tue) 4 Apr 2000 (W14),Real Madrid CF › ESP (13),0-0,0-0,Manchester United FC › ENG (13),,,,
Knockout,Quarterfinals | Leg 1,,(Wed) 5 Apr 2000 (W14),Chelsea FC › ENG (15),3-1,3-0,FC Barcelona › ESP (13),,,,
Knockout,Quarterfinals | Leg 1,,(Wed) 5 Apr 2000 (W14),Valencia CF › ESP (15),5-2,3-1,SS Lazio › ITA (13),,,,
Knockout,Quarterfinals | Leg 2,,(Tue) 18 Apr 2000 (W16),FC Barcelona › ESP (14),3-1 (*),2-0,Chelsea FC › ENG (16),4-4 (agg.),5-1 (a.e.t.),,
Knockout,Quarterfinals | Leg 2,,(Tue) 18 Apr 2000 (W16),SS Lazio › ITA (14),1-0,0-0,Valencia CF › ESP (16),3-5 (agg.),,,
Knockout,Quarterfinals | Leg 2,,(Wed) 19 Apr 2000 (W16),Manchester United FC › ENG (14),2-3,0-1,Real Madrid CF › ESP (14),2-3 (agg.),,,
Knockout,Quarterfinals | Leg 2,,(Wed) 19 Apr 2000 (W16),Bayern München › GER (14),2-1,1-0,FC Porto › POR (14),3-2 (agg.),,,
Knockout,Semifinals | Leg 1,,(Tue) 2 May 2000 (W18),Real Madrid CF › ESP (15),2-0,2-0,Bayern München › GER (15),,,,
Knockout,Semifinals | Leg 1,,(Tue) 2 May 2000 (W18),Valencia CF › ESP (17),4-1,3-1,FC Barcelona › ESP (15),,,,
Knockout,Semifinals | Leg 2,,(Wed) 10 May 2000 (W19),FC Barcelona › ESP (16),2-1,0-0,Valencia CF › ESP (18),3-5 (agg.),,,
Knockout,Semifinals | Leg 2,,(Wed) 10 May 2000 (W19),Bayern München › GER (16),2-1,1-1,Real Madrid CF › ESP (16),2-3 (agg.),,,
Knockout,Final,,(Wed) 24 May 2000 (W21),Real Madrid CF › ESP (17),3-0,0-0,Valencia CF › ESP (19),,,,
